,#FILEFORMAT= annV0.2,,,,,,,,,,,,,,,,,,,,,,,
,#FILEDATE=11.08.19,,,,,,,,,,,,,,,,,,,,,,,
no,VCF NAME v0.2 (field name on ann vcf),SOURCE_NAME v0.2,SOURCE VERSION v0.2,"field_type (string, integer, boolean, number)",value_example,enum_list (limit values to this list),is_list,sub_embedding_group (SUBEMBEDDED OBJECT GROUPING),"SEPARATOR (comma, pipe, semicolon, colon, tab) ",SCALE,DOMAIN,METHOD,Annotation_grouping,SCOPE (sample/variant/gene),schema_title (HUMAN READABLE HEADER),schema_description (DESCRIPTION),SOURCE_NAME,SOURCE VERSION,FIELD_PRIORITY (order lookup number),COLUMN_PRIORITY (order/lookup number),FACET_GROUPING,FACET_PRIORITY,links_to,MVP (Y/N)
1,CHROM,VCF,VCFv4.2,string,1,"1,2,3,4,5,6,7,8,9,10,11,12,13,14,15,16,17,18,19,20,21,22,X,Y,M",N,,,,,,,variant,Chromosome,,VCF,VCFv4.2,1,1,Chromosome,,,Y
2,POS,VCF,VCFv4.2,integer,949608,,N,,,,,,,variant,Position,,VCF,VCFv4.2,2,2,,,,Y
3,ID,VCF,VCFv4.2,string,rs1921,,N,,,,,,,variant,ID,,VCF,VCFv4.2,3,3,,,,Y
4,REF,VCF,VCFv4.2,string,G,,N,,,,,,,variant,Reference allele,,VCF,VCFv4.2,4,4,,,,Y
5,ALT,VCF,VCFv4.2,string,A,,Y,,comma,,,,,variant,Alternative allele,,VCF,VCFv4.2,5,5,,,,Y
6,QUAL,VCF,VCFv4.2,number,302.6,,N,,,,,,,sample,Quality score,,VCF,VCFv4.2,,,,,,Y
7,FILTER,VCF,VCFv4.2,string,PASS,"PASS,VQSRTrancheSNP99.00to99.90,VQSRTrancheSNP99.90to100.00",N,,,,,,,sample,Filter,,VCF,VCFv4.2,,,,,,Y
8,CALL_INFO (Sample name),VCF,VCFv4.2,string,"0/1:33,14:47:99:310,0,927",,N,,,,,,,sample,Info field,,VCF,VCFv4.2,,,,,,Y
9,GT,VCF,VCFv4.2,string,0/1,,N,,,,,,,sample,Genotype,Genotype,VCF,VCFv4.2,,,,,,Y
10,AD,VCF,VCFv4.2,integer,"33,14",,Y,,comma,,,,,sample,Allelic depth,Allelic depths for the ref and alt alleles in the order listed,VCF,VCFv4.2,,,,,,Y
11,DP,VCF,VCFv4.2,integer,47,,N,,,,,,,sample,Approximate read depth,Depth of informative coverage for each sample,VCF,VCFv4.2,,,,,,Y
12,GQ,VCF,VCFv4.2,integer,99,,N,,,,,,,sample,Genotype quality score,Genotype quality score,VCF,VCFv4.2,,,,,,Y
13,PL,VCF,VCFv4.2,integer,"310,0,927",,Y,,comma,,,,,sample,Phred-scaled likelihoods for genotypes,"Normalized, Phred-scaled likelihoods for genotypes as defined in the VCF specification",VCF,VCFv4.2,,,,,,Y
14,PGT,VCF,VCFv4.2,string,0|1,,N,,,,,,,sample,Physical phasing haplotype information,Physical phasing haplotype information,VCF,VCFv4.2,,,,,,Y
15,PID,VCF,VCFv4.2,string,985446_G_T,,N,,,,,,,sample,Physical phasing ID information,"Physical phasing ID information, where each unique ID within a given sample (but not across samples) connects records within a phasing group",VCF,VCFv4.2,,,,,,Y
16,PS,VCF,VCFv4.2,integer,985446,,N,,,,,,,sample,Phasing set ID,Phasing set (typically the position of the first variant in the set),VCF,VCFv4.2,,,,,,Y
17,AF,VCF,VCFv4.2,number,0.2979,,N,,,,,,,sample,Sample allele fraction,Alternate allele fraction in samples,VCF,VCFv4.2,,,,,,Y
18,annovar_cytoband,ANNOVAR,2017-07-17,string,1p36.33,,N,,,WINDOW,FUNCTION,EXPERIMENTAL EVIDENCE,,variant,Cytoband,Cytoband,ANNOVAR,2017-07-17,,,,,,Y
19,vep_location,VEP,v97.4,string,1:1044368,,N,transcript,,,,,,,,,,,,,,,,Y
20,vep_allele,VEP,v97.4,string,T,,N,transcript,,,,,,,,,,,,,,,,Y
21,vep_gene,VEP,v97.4,string,ENSG00000188157,,N,transcript,,,,,,,,,,,,,,,,Y
22,vep_gene_ncbi,VEP,v97.4,string,375790,,N,transcript,,,,,,,,,,,,,,,,Y
23,vep_feature,VEP,v97.4,string,ENST00000379370,,N,transcript,,,,,,,,,,,,,,,,Y
24,vep_feature_ncbi,VEP,v97.4,string,XR_946650,,N,transcript,,,,,,,,,,,,,,,,Y
25,vep_feature_type,VEP,v97.4,string,Transcript,,N,transcript,,,,,,,,,,,,,,,,Y
26,vep_consequence,VEP,v97.4,string,splice_region_variant~intron_variant~non_coding_transcript_variant,,Y,transcript,tilde,,,,,,,,,,,,,,,Y
27,vep_cdna_position,VEP,v97.4,integer,2236,,N,transcript,,,,,,,,,,,,,,,,Y
28,vep_cds_position,VEP,v97.4,integer,2183,,N,transcript,,,,,,,,,,,,,,,,Y
29,vep_protein_position,VEP,v97.4,integer,728,,N,transcript,,,,,,,,,,,,,,,,Y
30,vep_amino_acids,VEP,v97.4,string,E/V,,N,transcript,,,,,,,,,,,,,,,,Y
31,vep_codons,VEP,v97.4,string,gAg/gTg,,N,transcript,,,,,,,,,,,,,,,,Y
32,vep_existing_variation,VEP,v97.4,string,rs2531266~COSM7112630~COSM2240641,,Y,transcript,tilde,,,,,,,,,,,,,,,Y
33,vep_impact,VEP,v97.4,string,MODERATE,,N,transcript,,,,,,,,,,,,,,,,Y
34,vep_distance,VEP,v97.4,integer,,,N,transcript,,,,,,,,,,,,,,,,Y
35,vep_strand,VEP,v97.4,string,1,,N,transcript,,,,,,,,,,,,,,,,Y
36,vep_flags,VEP,v97.4,string,,,N,transcript,,,,,,,,,,,,,,,,Y
37,vep_variant_class,VEP,v97.4,string,SNV,,N,transcript,,,,,,,,,,,,,,,,Y
38,vep_symbol,VEP,v97.4,string,AGRN,,N,transcript,,,,,,,,,,,,,,,,Y
39,vep_symbol_source,VEP,v97.4,string,HGNC,,N,transcript,,,,,,,,,,,,,,,,Y
40,vep_hgnc_id,VEP,v97.4,string,HGNC:329,,N,transcript,,,,,,,,,,,,,,,,Y
41,vep_biotype,VEP,v97.4,string,protein_coding,,N,transcript,,,,,,,,,,,,,,,,Y
42,vep_canonical,VEP,v97.4,string,YES,,N,transcript,,,,,,,,,,,,,,,,Y
43,vep_mane,VEP,v97.4,string,,,N,transcript,,,,,,,,,,,,,,,,Y
44,vep_tsl,VEP,v97.4,integer,1,,N,transcript,,,,,,,,,,,,,,,,Y
45,vep_appris,VEP,v97.4,string,P1,,N,transcript,,,,,,,,,,,,,,,,Y
46,vep_ccds,VEP,v97.4,string,CCDS30551.1,,N,transcript,,,,,,,,,,,,,,,,Y
47,vep_ensp,VEP,v97.4,string,ENSP00000368678,,N,transcript,,,,,,,,,,,,,,,,Y
48,vep_swissprot,VEP,v97.4,string,O00468,,N,transcript,,,,,,,,,,,,,,,,Y
49,vep_trembl,VEP,v97.4,string,,,N,transcript,,,,,,,,,,,,,,,,Y
50,vep_uniparc,VEP,v97.4,string,UPI00001D7C8B,,N,transcript,,,,,,,,,,,,,,,,Y
51,vep_gene_pheno,VEP,v97.4,string,1,,N,transcript,,,,,,,,,,,,,,,,Y
52,vep_sift,VEP,v97.4,string,deleterious(0.01),,N,transcript,,,,,,,,,,,,,,,,Y
53,vep_polyphen,VEP,v97.4,string,probably_damaging(0.986),,N,transcript,,,,,,,,,,,,,,,,Y
54,vep_exon,VEP,v97.4,string,12/36,,N,transcript,,,,,,,,,,,,,,,,Y
55,vep_intron,VEP,v97.4,string,,,N,transcript,,,,,,,,,,,,,,,,Y
56,vep_domains,VEP,v97.4,string,Gene3D:3.30.60.30~Pfam:PF07648~PROSITE_profiles:PS51465~PANTHER:PTHR10574~PANTHER:PTHR10574:SF288~SMART:SM00280~Superfamily:SSF100895~CDD:cd00104,,Y,transcript,tilde,,,,,,,,,,,,,,,Y
57,vep_mirna,VEP,v97.4,string,,,N,transcript,,,,,,,,,,,,,,,,Y
58,vep_hgvsc,VEP,v97.4,string,ENST00000379370.7:c.2183A>T,,N,transcript,,,,,,,,,,,,,,,,Y
59,vep_hgvsp,VEP,v97.4,string,ENSP00000368678.2:p.Glu728Val,,N,transcript,,,,,,,,,,,,,,,,Y
60,vep_hgvs_offset,VEP,v97.4,string,,,N,transcript,,,,,,,,,,,,,,,,Y
61,vep_clin_sig,VEP,v97.4,string,benign,,N,transcript,,,,,,,,,,,,,,,,Y
62,vep_somatic,VEP,v97.4,string,0~1~1,,Y,transcript,tilde,,,,,,,,,,,,,,,Y
63,vep_pheno,VEP,v97.4,string,0~1~1,,Y,transcript,tilde,,,,,,,,,,,,,,,Y
64,vep_pubmed,VEP,v97.4,string,25741868~18414213,,Y,transcript,tilde,,,,,,,,,,,,,,,Y
65,vep_motif_name,VEP,v97.4,string,,,N,transcript,,,,,,,,,,,,,,,,Y
66,vep_motif_pos,VEP,v97.4,string,,,N,transcript,,,,,,,,,,,,,,,,Y
67,vep_high_inf_pos,VEP,v97.4,string,,,N,transcript,,,,,,,,,,,,,,,,Y
68,vep_motif_score_change,VEP,v97.4,string,,,N,transcript,,,,,,,,,,,,,,,,Y
69,1000gp_eur_af,1000GP,20170504,number,0.3926,,N,,,VARIANT,POPULATION GENETICS,EXPERIMENTAL EVIDENCE,allele_frequency,variant,1000GP Allele frequency in European population,Allele frequency in European population,1000GP,2015.08,,,Frequency,,,Y
70,1000gp_afr_af,1000GP,20170504,number,0.4387,,N,,,VARIANT,POPULATION GENETICS,EXPERIMENTAL EVIDENCE,allele_frequency,variant,1000GP Allele frequency in African population,Allele frequency in African population,1000GP,2015.08,,,Frequency,,,Y
71,1000gp_amr_af,1000GP,20170504,number,0.2709,,N,,,VARIANT,POPULATION GENETICS,EXPERIMENTAL EVIDENCE,allele_frequency,variant,1000GP Allele frequency in Admixed American population,Allele frequency in Admixed American population,1000GP,2015.08,,,Frequency,,,Y
72,1000gp_eas_af,1000GP,20170504,number,0.1845,,N,,,VARIANT,POPULATION GENETICS,EXPERIMENTAL EVIDENCE,allele_frequency,variant,1000GP Allele frequency in East Asian population,Allele frequency in East Asian population,1000GP,2015.08,,,Frequency,,,Y
73,1000gp_sas_af,1000GP,20170504,number,,,N,,,,,,,,,,,,,,,,,Y
74,1000gp_ac,1000GP,20170504,integer,,,N,,,,,,,,,,,,,,,,,Y
75,1000gp_af,1000GP,20170504,number,0.338858,,N,,,VARIANT,POPULATION GENETICS,EXPERIMENTAL EVIDENCE,allele_frequency,variant,1000GP Allele frequency in All subjects,Allele frequency in All subjects,1000GP,2015.08,,,,,,Y
76,1000gp_an,1000GP,20170504,integer,,,N,,,,,,,,,,,,,,,,,Y
77,1000gp_dp,1000GP,20170504,integer,,,N,,,,,,,,,,,,,,,,,Y
78,esp6500_ea_ac_ref,ESP6500,2,integer,,,N,,,,,,,,,,,,,,,,,Y
79,esp6500_ea_ac_alt,ESP6500,2,integer,,,N,,,,,,,,,,,,,,,,,Y
80,esp6500_aa_ac_ref,ESP6500,2,integer,,,N,,,,,,,,,,,,,,,,,Y
81,esp6500_aa_ac_alt,ESP6500,2,integer,,,N,,,,,,,,,,,,,,,,,Y
82,esp6500_tac_ref,ESP6500,2,integer,,,N,,,,,,,,,,,,,,,,,Y
83,esp6500_tac_alt,ESP6500,2,integer,,,N,,,,,,,,,,,,,,,,,Y
84,esp6500_maf_ea,ESP6500,2,number,0.3949,,N,,,VARIANT,POPULATION GENETICS,EXPERIMENTAL EVIDENCE,allele_frequency,variant,ESP6500 Allele frequency in European American subjects,Allele frequency in European American subjects,ESP6500,2,,,,,,Y
85,esp6500_maf_aa,ESP6500,2,number,0.4147,,N,,,VARIANT,POPULATION GENETICS,EXPERIMENTAL EVIDENCE,allele_frequency,variant,ESP6500 Allele frequency in African American subjects,Allele frequency in African American subjects,ESP6500,2,,,,,,Y
86,esp6500_maf_all,ESP6500,2,number,0.4016,,N,,,VARIANT,POPULATION GENETICS,EXPERIMENTAL EVIDENCE,allele_frequency,variant,ESP6500 Allele frequency in All subjects,Allele frequency in All subjects,ESP6500,2,,,,,,Y
87,esp6500_dp,ESP6500,2,integer,,,N,,,,,,,,,,,,,,,,,Y
88,exac_af,ExAC,1,number,0.3702,,N,,,VARIANT,POPULATION GENETICS,EXPERIMENTAL EVIDENCE,allele_frequency,variant,ExAC Allele frequency in All subjects,Allele frequency in All subjects,ExAC,3,,,,,,Y
89,exac_af_adj,ExAC,1,number,,,N,,,,,,,,,,,,,,,,,Y
90,exac_af_afr,ExAC,1,number,0.4111,,N,,,VARIANT,POPULATION GENETICS,EXPERIMENTAL EVIDENCE,allele_frequency,variant,ExAC Allele frequency in African samples,Allele frequency in African samples,ExAC,3,,,,,,Y
91,exac_af_amr,ExAC,1,number,0.2454,,N,,,VARIANT,POPULATION GENETICS,EXPERIMENTAL EVIDENCE,allele_frequency,variant,ExAC Allele frequency in Admixed American samples,Allele frequency in Admixed American samples,ExAC,3,,,,,,Y
92,exac_af_eas,ExAC,1,number,0.2051,,N,,,VARIANT,POPULATION GENETICS,EXPERIMENTAL EVIDENCE,allele_frequency,variant,ExAC Allele frequency in East Asian samples,Allele frequency in East Asian samples,ExAC,3,,,,,,Y
93,exac_af_fin,ExAC,1,number,0.4757,,N,,,VARIANT,POPULATION GENETICS,EXPERIMENTAL EVIDENCE,allele_frequency,variant,ExAC Allele frequency in Finnish samples,Allele frequency in Finnish samples,ExAC,3,,,,,,Y
94,exac_af_nfe,ExAC,1,number,0.4042,,N,,,VARIANT,POPULATION GENETICS,EXPERIMENTAL EVIDENCE,allele_frequency,variant,ExAC Allele frequency in Non-finnish European samples,Allele frequency in Non-finnish European samples,ExAC,3,,,,,,Y
95,exac_af_oth,ExAC,1,number,0.3778,,N,,,VARIANT,POPULATION GENETICS,EXPERIMENTAL EVIDENCE,allele_frequency,variant,ExAC Allele frequency in other samples,Allele frequency in other samples,ExAC,3,,,,,,Y
96,exac_af_sas,ExAC,1,number,0.3399,,N,,,VARIANT,POPULATION GENETICS,EXPERIMENTAL EVIDENCE,allele_frequency,variant,ExAC Allele frequency in South Asian samples,Allele frequency in South Asian samples,ExAC,3,,,,,,Y
97,exac_an,ExAC,1,integer,,,N,,,,,,,,,,,,,,,,,Y
98,exac_an_adj,ExAC,1,integer,,,N,,,,,,,,,,,,,,,,,Y
99,exac_an_afr,ExAC,1,integer,,,N,,,,,,,,,,,,,,,,,Y
100,exac_an_amr,ExAC,1,integer,,,N,,,,,,,,,,,,,,,,,Y
101,exac_an_eas,ExAC,1,integer,,,N,,,,,,,,,,,,,,,,,Y
102,exac_an_fin,ExAC,1,integer,,,N,,,,,,,,,,,,,,,,,Y
103,exac_an_nfe,ExAC,1,integer,,,N,,,,,,,,,,,,,,,,,Y
104,exac_an_oth,ExAC,1,integer,,,N,,,,,,,,,,,,,,,,,Y
105,exac_an_sas,ExAC,1,integer,,,N,,,,,,,,,,,,,,,,,Y
106,exac_ac,ExAC,1,integer,,,N,,,,,,,,,,,,,,,,,Y
107,exac_ac_adj,ExAC,1,integer,,,N,,,,,,,,,,,,,,,,,Y
108,exac_ac_afr,ExAC,1,integer,,,N,,,,,,,,,,,,,,,,,Y
109,exac_ac_amr,ExAC,1,integer,,,N,,,,,,,,,,,,,,,,,Y
110,exac_ac_eas,ExAC,1,integer,,,N,,,,,,,,,,,,,,,,,Y
111,exac_ac_fin,ExAC,1,integer,,,N,,,,,,,,,,,,,,,,,Y
112,exac_ac_nfe,ExAC,1,integer,,,N,,,,,,,,,,,,,,,,,Y
113,exac_ac_oth,ExAC,1,integer,,,N,,,,,,,,,,,,,,,,,Y
114,exac_ac_sas,ExAC,1,integer,,,N,,,,,,,,,,,,,,,,,Y
115,exac_dp,ExAC,1,integer,,,N,,,,,,,,,,,,,,,,,Y
116,exacnonpsych_af,ExACnonpsych,0.3,number,0.3528,,N,,,VARIANT,POPULATION GENETICS,EXPERIMENTAL EVIDENCE,allele_frequency,variant,ExAC Allele frequency in all non-Psychiatric disease samples,Allele frequency in all non-Psychiatric disease samples,ExAC,3,,,,,,Y
117,exacnonpsych_af_adj,ExACnonpsych,0.3,number,,,N,,,,,,,,,,,,,,,,,Y
118,exacnonpsych_af_afr,ExACnonpsych,0.3,number,0.4112,,N,,,VARIANT,POPULATION GENETICS,EXPERIMENTAL EVIDENCE,allele_frequency,variant,ExAC Allele frequency in African non-Psychiatric disease samples,Allele frequency in African non-Psychiatric disease samples,ExAC,3,,,,,,Y
119,exacnonpsych_af_amr,ExACnonpsych,0.3,number,0.2455,,N,,,VARIANT,POPULATION GENETICS,EXPERIMENTAL EVIDENCE,allele_frequency,variant,ExAC Allele frequency in Admixed American non-Psychiatric disease samples,Allele frequency in Admixed American non-Psychiatric disease samples,ExAC,3,,,,,,Y
120,exacnonpsych_af_eas,ExACnonpsych,0.3,number,0.2012,,N,,,VARIANT,POPULATION GENETICS,EXPERIMENTAL EVIDENCE,allele_frequency,variant,ExAC Allele frequency in East Asian non-Psychiatric disease samples,Allele frequency in East Asian non-Psychiatric disease samples,ExAC,3,,,,,,Y
121,exacnonpsych_af_fin,ExACnonpsych,0.3,number,0.4747,,N,,,VARIANT,POPULATION GENETICS,EXPERIMENTAL EVIDENCE,allele_frequency,variant,ExAC Allele frequency in Finnish non-Psychiatric disease samples,Allele frequency in Finnish non-Psychiatric disease samples,ExAC,3,,,,,,Y
122,exacnonpsych_af_nfe,ExACnonpsych,0.3,number,0.3823,,N,,,VARIANT,POPULATION GENETICS,EXPERIMENTAL EVIDENCE,allele_frequency,variant,ExAC Allele frequency in Non-finnish European non-Psychiatric disease samples,Allele frequency in Non-finnish European non-Psychiatric disease samples,ExAC,3,,,,,,Y
123,exacnonpsych_af_oth,ExACnonpsych,0.3,number,0.3711,,N,,,VARIANT,POPULATION GENETICS,EXPERIMENTAL EVIDENCE,allele_frequency,variant,ExAC Allele frequency in other non-Psychiatric disease samples,Allele frequency in other non-Psychiatric disease samples,ExAC,3,,,,,,Y
124,exacnonpsych_af_sas,ExACnonpsych,0.3,number,0.3399,,N,,,VARIANT,POPULATION GENETICS,EXPERIMENTAL EVIDENCE,allele_frequency,variant,ExAC Allele frequency in South Asian non-Psychiatric disease samples,Allele frequency in South Asian non-Psychiatric disease samples,ExAC,3,,,,,,Y
125,exacnonpsych_an,ExACnonpsych,0.3,integer,,,N,,,,,,,,,,,,,,,,,Y
126,exacnonpsych_an_adj,ExACnonpsych,0.3,integer,,,N,,,,,,,,,,,,,,,,,Y
127,exacnonpsych_an_afr,ExACnonpsych,0.3,integer,,,N,,,,,,,,,,,,,,,,,Y
128,exacnonpsych_an_amr,ExACnonpsych,0.3,integer,,,N,,,,,,,,,,,,,,,,,Y
129,exacnonpsych_an_eas,ExACnonpsych,0.3,integer,,,N,,,,,,,,,,,,,,,,,Y
130,exacnonpsych_an_fin,ExACnonpsych,0.3,integer,,,N,,,,,,,,,,,,,,,,,Y
131,exacnonpsych_an_nfe,ExACnonpsych,0.3,integer,,,N,,,,,,,,,,,,,,,,,Y
132,exacnonpsych_an_oth,ExACnonpsych,0.3,integer,,,N,,,,,,,,,,,,,,,,,Y
133,exacnonpsych_an_sas,ExACnonpsych,0.3,integer,,,N,,,,,,,,,,,,,,,,,Y
134,exacnonpsych_ac,ExACnonpsych,0.3,integer,,,N,,,,,,,,,,,,,,,,,Y
135,exacnonpsych_ac_adj,ExACnonpsych,0.3,integer,,,N,,,,,,,,,,,,,,,,,Y
136,exacnonpsych_ac_afr,ExACnonpsych,0.3,integer,,,N,,,,,,,,,,,,,,,,,Y
137,exacnonpsych_ac_amr,ExACnonpsych,0.3,integer,,,N,,,,,,,,,,,,,,,,,Y
138,exacnonpsych_ac_eas,ExACnonpsych,0.3,integer,,,N,,,,,,,,,,,,,,,,,Y
139,exacnonpsych_ac_fin,ExACnonpsych,0.3,integer,,,N,,,,,,,,,,,,,,,,,Y
140,exacnonpsych_ac_nfe,ExACnonpsych,0.3,integer,,,N,,,,,,,,,,,,,,,,,Y
141,exacnonpsych_ac_oth,ExACnonpsych,0.3,integer,,,N,,,,,,,,,,,,,,,,,Y
142,exacnonpsych_ac_sas,ExACnonpsych,0.3,integer,,,N,,,,,,,,,,,,,,,,,Y
143,exacnonpsych_dp,ExACnonpsych,0.3,integer,,,N,,,,,,,,,,,,,,,,,Y
144,exacnontcga_af,ExACnonTCGA,1,number,0.369,,N,,,VARIANT,POPULATION GENETICS,EXPERIMENTAL EVIDENCE,allele_frequency,variant,ExAC Allele frequency in all non-TCGA samples,Allele frequency in all non-TCGA samples,ExAC,3,,,,,,Y
145,exacnontcga_af_adj,ExACnonTCGA,1,number,,,N,,,,,,,,,,,,,,,,,Y
146,exacnontcga_af_afr,ExACnonTCGA,1,number,0.4112,,N,,,VARIANT,POPULATION GENETICS,EXPERIMENTAL EVIDENCE,allele_frequency,variant,ExAC Allele frequency in African non-TCGA samples,Allele frequency in African non-TCGA samples,ExAC,3,,,,,,Y
147,exacnontcga_af_amr,ExACnonTCGA,1,number,0.2444,,N,,,VARIANT,POPULATION GENETICS,EXPERIMENTAL EVIDENCE,allele_frequency,variant,ExAC Allele frequency in Admixed American non-TCGA samples,Allele frequency in Admixed American non-TCGA samples,ExAC,3,,,,,,Y
148,exacnontcga_af_eas,ExACnonTCGA,1,number,0.2032,,N,,,VARIANT,POPULATION GENETICS,EXPERIMENTAL EVIDENCE,allele_frequency,variant,ExAC Allele frequency in East Asian non-TCGA samples,Allele frequency in East Asian non-TCGA samples,ExAC,3,,,,,,Y
149,exacnontcga_af_fin,ExACnonTCGA,1,number,0.4757,,N,,,VARIANT,POPULATION GENETICS,EXPERIMENTAL EVIDENCE,allele_frequency,variant,ExAC Allele frequency in Finnish non-TCGA samples,Allele frequency in Finnish non-TCGA samples,ExAC,3,,,,,,Y
150,exacnontcga_af_nfe,ExACnonTCGA,1,number,0.4072,,N,,,VARIANT,POPULATION GENETICS,EXPERIMENTAL EVIDENCE,allele_frequency,variant,ExAC Allele frequency in Non-finnish European non-TCGA samples,Allele frequency in Non-finnish European non-TCGA samples,ExAC,3,,,,,,Y
151,exacnontcga_af_oth,ExACnonTCGA,1,number,0.3931,,N,,,VARIANT,POPULATION GENETICS,EXPERIMENTAL EVIDENCE,allele_frequency,variant,ExAC Allele frequency in other non-TCGA samples,Allele frequency in other non-TCGA samples,ExAC,3,,,,,,Y
152,exacnontcga_af_sas,ExACnonTCGA,1,number,0.3403,,N,,,VARIANT,POPULATION GENETICS,EXPERIMENTAL EVIDENCE,allele_frequency,variant,ExAC Allele frequency in South Asian non-TCGA samples,Allele frequency in South Asian non-TCGA samples,ExAC,3,,,,,,Y
153,exacnontcga_an,ExACnonTCGA,1,integer,,,N,,,,,,,,,,,,,,,,,Y
154,exacnontcga_an_adj,ExACnonTCGA,1,integer,,,N,,,,,,,,,,,,,,,,,Y
155,exacnontcga_an_afr,ExACnonTCGA,1,integer,,,N,,,,,,,,,,,,,,,,,Y
156,exacnontcga_an_amr,ExACnonTCGA,1,integer,,,N,,,,,,,,,,,,,,,,,Y
157,exacnontcga_an_eas,ExACnonTCGA,1,integer,,,N,,,,,,,,,,,,,,,,,Y
158,exacnontcga_an_fin,ExACnonTCGA,1,integer,,,N,,,,,,,,,,,,,,,,,Y
159,exacnontcga_an_nfe,ExACnonTCGA,1,integer,,,N,,,,,,,,,,,,,,,,,Y
160,exacnontcga_an_oth,ExACnonTCGA,1,integer,,,N,,,,,,,,,,,,,,,,,Y
161,exacnontcga_an_sas,ExACnonTCGA,1,integer,,,N,,,,,,,,,,,,,,,,,Y
162,exacnontcga_ac,ExACnonTCGA,1,integer,,,N,,,,,,,,,,,,,,,,,Y
163,exacnontcga_ac_adj,ExACnonTCGA,1,integer,,,N,,,,,,,,,,,,,,,,,Y
164,exacnontcga_ac_afr,ExACnonTCGA,1,integer,,,N,,,,,,,,,,,,,,,,,Y
165,exacnontcga_ac_amr,ExACnonTCGA,1,integer,,,N,,,,,,,,,,,,,,,,,Y
166,exacnontcga_ac_eas,ExACnonTCGA,1,integer,,,N,,,,,,,,,,,,,,,,,Y
167,exacnontcga_ac_fin,ExACnonTCGA,1,integer,,,N,,,,,,,,,,,,,,,,,Y
168,exacnontcga_ac_nfe,ExACnonTCGA,1,integer,,,N,,,,,,,,,,,,,,,,,Y
169,exacnontcga_ac_oth,ExACnonTCGA,1,integer,,,N,,,,,,,,,,,,,,,,,Y
170,exacnontcga_ac_sas,ExACnonTCGA,1,integer,,,N,,,,,,,,,,,,,,,,,Y
171,exacnontcga_dp,ExACnonTCGA,1,integer,,,N,,,,,,,,,,,,,,,,,Y
172,kaviar_af,KAVIAR,160204,number,0.363631,,N,,,VARIANT,POPULATION GENETICS,EXPERIMENTAL EVIDENCE,allele_frequency,variant,KAVIAR Allele frequency,Allele frequency in KAVIAR (3K genomes and 64K exomes in 34 projects),KAVIAR,20150923,,,,,,Y
173,kaviar_ac,KAVIAR,160204,number,56218,,N,,,VARIANT,POPULATION GENETICS,EXPERIMENTAL EVIDENCE,allele_frequency,variant,KAVIAR Allele count,Allele count,KAVIAR,20150923,,,,,,Y
174,kaviar_an,KAVIAR,160204,number,154602,,N,,,VARIANT,POPULATION GENETICS,EXPERIMENTAL EVIDENCE,allele_frequency,variant,KAVIAR Total Allele number,Total allele number,KAVIAR,20150923,,,,,,Y
175,uk10k_ea_ac_ref,UK10K,20160215,integer,,,N,,,,,,,,,,,,,,,,,Y
176,uk10k_ea_ac_alt,UK10K,20160215,integer,,,N,,,,,,,,,,,,,,,,,Y
177,uk10k_aa_ac_ref,UK10K,20160215,integer,,,N,,,,,,,,,,,,,,,,,Y
178,uk10k_aa_ac_alt,UK10K,20160215,integer,,,N,,,,,,,,,,,,,,,,,Y
179,uk10k_tac_ref,UK10K,20160215,integer,,,N,,,,,,,,,,,,,,,,,Y
180,uk10k_tac_alt,UK10K,20160215,integer,,,N,,,,,,,,,,,,,,,,,Y
181,uk10k_maf_ea,UK10K,20160215,number,,,N,,,,,,,,,,,,,,,,,Y
182,uk10k_maf_aa,UK10K,20160215,number,,,N,,,,,,,,,,,,,,,,,Y
183,uk10k_maf_all,UK10K,20160215,number,,,N,,,,,,,,,,,,,,,,,Y
184,uk10k_dp,UK10K,20160215,integer,,,N,,,,,,,,,,,,,,,,,Y
185,topmed_an,TOPMED,freeze5 (28082017),integer,29118,,N,,,,,,,variant,TOPMED allele number,Allele number of TOPMED,TOPMED,freeze5 (28082017),,,,,,Y
186,topmed_ac,TOPMED,freeze5 (28082017),integer,11063,,N,,,,,,,variant,TOPMED allele count,Allele count of TOPMED,TOPMED,freeze5 (28082017),,,,,,Y
187,topmed_af,TOPMED,freeze5 (28082017),number,0.379937,,N,,,,,,,variant,TOPMED allele frequency,Allele frequency of TOPMED,TOPMED,freeze5 (28082017),,,,,,Y
188,topmed_het,TOPMED,freeze5 (28082017),integer,6899,,N,,,,,,,variant,TOPMED heterozygote allele count,TOPMED heterozygote allele count,TOPMED,freeze5 (28082017),,,,,,Y
189,topmed_hom,TOPMED,freeze5 (28082017),integer,2082,,N,,,,,,,variant,TOPMED alternative homozygote allele count,TOPMED alternative homozygote allele count,TOPMED,freeze5 (28082017),,,,,,Y
190,dbsnp_rs,dbSNP,157,string,rs1921,,N,,,,,,,variant,dbSNP rs number,dbSNP rs number,dbSNP,157,,,,,,Y
191,dbsnp_dbsnpbuildid,dbSNP,20190722,integer,,,N,,,,,,,,,,,,,,,,,Y
192,dbsnp_sao,dbSNP,20190722,integer,,,N,,,,,,,,,,,,,,,,,Y
193,dbsnp_ssr,dbSNP,20190722,integer,,,N,,,,,,,,,,,,,,,,,Y
194,dbsnp_1000genomes_af,dbSNP,20190722,number,,,N,,,,,,,,,,,,,,,,,Y
195,dbsnp_alspac_af,dbSNP,20190722,number,,,N,,,,,,,,,,,,,,,,,Y
196,dbsnp_estonian_af,dbSNP,20190722,number,,,N,,,,,,,,,,,,,,,,,Y
197,dbsnp_exac_af,dbSNP,20190722,number,,,N,,,,,,,,,,,,,,,,,Y
198,dbsnp_gnomad_af,dbSNP,20190722,number,,,N,,,,,,,,,,,,,,,,,Y
199,dbsnp_gnomad_exomes_af,dbSNP,20190722,number,,,N,,,,,,,,,,,,,,,,,Y
200,dbsnp_goesp_af,dbSNP,20190722,number,,,N,,,,,,,,,,,,,,,,,Y
201,dbsnp_northernsweden_af,dbSNP,20190722,number,,,N,,,,,,,,,,,,,,,,,Y
202,dbsnp_page_study_af,dbSNP,20190722,number,,,N,,,,,,,,,,,,,,,,,Y
203,dbsnp_topmed_af,dbSNP,20190722,number,,,N,,,,,,,,,,,,,,,,,Y
204,dbsnp_twinsuk_af,dbSNP,20190722,number,,,N,,,,,,,,,,,,,,,,,Y
205,dbsnp_vietnamese_af,dbSNP,20190722,number,,,N,,,,,,,,,,,,,,,,,Y
206,gnomad_ac,gnomAD,r3.0,integer,12614,,N,,,,,,allele_frequency,variant,gnomAD Alternate allele count for samples,Alternate allele count for samples,gnomAD,2.1.1,,,,,,Y
207,gnomad_ac_afr,gnomAD,r3.0,integer,3557,,N,,,,,,allele_frequency,variant,gnomAD Alternate allele count for samples of African-American/African ancestry,Alternate allele count for samples of African-American/African ancestry,gnomAD,2.1.1,,,,,,Y
208,gnomad_ac_ami,gnomAD,r3.0,integer,,,N,,,,,,,,,,,,,,,,,Y
209,gnomad_ac_amr,gnomAD,r3.0,integer,230,,N,,,,,,allele_frequency,variant,gnomAD Alternate allele count for samples of Latino ancestry,Alternate allele count for samples of Latino ancestry,gnomAD,2.1.1,,,,,,Y
210,gnomad_ac_asj,gnomAD,r3.0,integer,91,,N,,,,,,allele_frequency,variant,gnomAD Alternate allele count for samples of Ashkenazi Jewish ancestry,Alternate allele count for samples of Ashkenazi Jewish ancestry,gnomAD,2.1.1,,,,,,Y
211,gnomad_ac_eas,gnomAD,r3.0,integer,334,,N,,,,,,allele_frequency,variant,gnomAD Alternate allele count for samples of East Asian ancestry,Alternate allele count for samples of East Asian ancestry,gnomAD,2.1.1,,,,,,Y
212,gnomad_ac_fin,gnomAD,r3.0,integer,1630,,N,,,,,,allele_frequency,variant,gnomAD Alternate allele count for samples of Finnish ancestry,Alternate allele count for samples of Finnish ancestry,gnomAD,2.1.1,,,,,,Y
213,gnomad_ac_nfe,gnomAD,r3.0,integer,6323,,N,,,,,,allele_frequency,variant,gnomAD Alternate allele count for samples of Non-Finnish European ancestry,Alternate allele count for samples of Non-Finnish European ancestry,gnomAD,2.1.1,,,,,,Y
214,gnomad_ac_sas,gnomAD,r3.0,integer,,,N,,,,,,,,,,,,,,,,,Y
215,gnomad_ac_oth,gnomAD,r3.0,integer,449,,N,,,,,,allele_frequency,variant,gnomAD Alternate allele count for samples of Other ancestry,Alternate allele count for samples of Other ancestry,gnomAD,2.1.1,,,,,,Y
216,gnomad_ac_male,gnomAD,r3.0,integer,6932,,N,,,,,,allele_frequency,variant,gnomAD Alternate allele count for male samples,Alternate allele count for male samples,gnomAD,2.1.1,,,,,,Y
217,gnomad_ac_afr_male,gnomAD,r3.0,integer,2073,,N,,,,,,allele_frequency,variant,gnomAD Alternate allele count for male samples of African-American/African ancestry,Alternate allele count for male samples of African-American/African ancestry,gnomAD,2.1.1,,,,,,Y
218,gnomad_ac_ami_male,gnomAD,r3.0,integer,,,N,,,,,,,,,,,,,,,,,Y
219,gnomad_ac_amr_male,gnomAD,r3.0,integer,111,,N,,,,,,allele_frequency,variant,gnomAD Alternate allele count for male samples of Latino ancestry,Alternate allele count for male samples of Latino ancestry,gnomAD,2.1.1,,,,,,Y
220,gnomad_ac_asj_male,gnomAD,r3.0,integer,65,,N,,,,,,allele_frequency,variant,gnomAD Alternate allele count for male samples of Ashkenazi Jewish ancestry,Alternate allele count for male samples of Ashkenazi Jewish ancestry,gnomAD,2.1.1,,,,,,Y
221,gnomad_ac_eas_male,gnomAD,r3.0,integer,219,,N,,,,,,allele_frequency,variant,gnomAD Alternate allele count for male samples of East Asian ancestry,Alternate allele count for male samples of East Asian ancestry,gnomAD,2.1.1,,,,,,Y
222,gnomad_ac_fin_male,gnomAD,r3.0,integer,759,,N,,,,,,allele_frequency,variant,gnomAD Alternate allele count for male samples of Finnish ancestry,Alternate allele count for male samples of Finnish ancestry,gnomAD,2.1.1,,,,,,Y
223,gnomad_ac_nfe_male,gnomAD,r3.0,integer,3496,,N,,,,,,allele_frequency,variant,gnomAD Alternate allele count for male samples of Non-Finnish European ancestry,Alternate allele count for male samples of Non-Finnish European ancestry,gnomAD,2.1.1,,,,,,Y
224,gnomad_ac_sas_male,gnomAD,r3.0,integer,,,N,,,,,,,,,,,,,,,,,Y
225,gnomad_ac_oth_male,gnomAD,r3.0,integer,209,,N,,,,,,allele_frequency,variant,gnomAD Alternate allele count for male samples of Other ancestry,Alternate allele count for male samples of Other ancestry,gnomAD,2.1.1,,,,,,Y
226,gnomad_ac_female,gnomAD,r3.0,integer,5682,,N,,,,,,allele_frequency,variant,gnomAD Alternate allele count for female samples,Alternate allele count for female samples,gnomAD,2.1.1,,,,,,Y
227,gnomad_ac_afr_female,gnomAD,r3.0,integer,1484,,N,,,,,,allele_frequency,variant,gnomAD Alternate allele count for female samples of African-American/African ancestry,Alternate allele count for female samples of African-American/African ancestry,gnomAD,2.1.1,,,,,,Y
228,gnomad_ac_ami_female,gnomAD,r3.0,integer,,,N,,,,,,,,,,,,,,,,,Y
229,gnomad_ac_amr_female,gnomAD,r3.0,integer,119,,N,,,,,,allele_frequency,variant,gnomAD Alternate allele count for female samples of Latino ancestry,Alternate allele count for female samples of Latino ancestry,gnomAD,2.1.1,,,,,,Y
230,gnomad_ac_asj_female,gnomAD,r3.0,integer,26,,N,,,,,,allele_frequency,variant,gnomAD Alternate allele count for female samples of Ashkenazi Jewish ancestry,Alternate allele count for female samples of Ashkenazi Jewish ancestry,gnomAD,2.1.1,,,,,,Y
231,gnomad_ac_eas_female,gnomAD,r3.0,integer,115,,N,,,,,,allele_frequency,variant,gnomAD Alternate allele count for female samples of East Asian ancestry,Alternate allele count for female samples of East Asian ancestry,gnomAD,2.1.1,,,,,,Y
232,gnomad_ac_fin_female,gnomAD,r3.0,integer,871,,N,,,,,,allele_frequency,variant,gnomAD Alternate allele count for female samples of Finnish ancestry,Alternate allele count for female samples of Finnish ancestry,gnomAD,2.1.1,,,,,,Y
233,gnomad_ac_nfe_female,gnomAD,r3.0,integer,2827,,N,,,,,,allele_frequency,variant,gnomAD Alternate allele count for female samples of Non-Finnish European ancestry,Alternate allele count for female samples of Non-Finnish European ancestry,gnomAD,2.1.1,,,,,,Y
234,gnomad_ac_sas_female,gnomAD,r3.0,integer,,,N,,,,,,,,,,,,,,,,,Y
235,gnomad_ac_oth_female,gnomAD,r3.0,integer,240,,N,,,,,,allele_frequency,variant,gnomAD Alternate allele count for female samples of Other ancestry,Alternate allele count for female samples of Other ancestry,gnomAD,2.1.1,,,,,,Y
236,gnomad_ac_raw,gnomAD,r3.0,integer,12651,,N,,,,,,allele_frequency,variant,"gnomAD Alternate allele count for samples, before removing low-confidence genotypes","Alternate allele count for samples, before removing low-confidence genotypes",gnomAD,2.1.1,,,,,,Y
237,gnomad_an,gnomAD,r3.0,integer,31332,,N,,,,,,allele_frequency,variant,gnomAD Total number of alleles in samples,Total number of alleles in samples,gnomAD,2.1.1,,,,,,Y
238,gnomad_an_afr,gnomAD,r3.0,integer,8688,,N,,,,,,allele_frequency,variant,gnomAD Total number of alleles in samples of African-American/African ancestry,Total number of alleles in samples of African-American/African ancestry,gnomAD,2.1.1,,,,,,Y
239,gnomad_an_ami,gnomAD,r3.0,integer,,,N,,,,,,,,,,,,,,,,,Y
240,gnomad_an_amr,gnomAD,r3.0,integer,848,,N,,,,,,allele_frequency,variant,gnomAD Total number of alleles in samples of Latino ancestry,Total number of alleles in samples of Latino ancestry,gnomAD,2.1.1,,,,,,Y
241,gnomad_an_asj,gnomAD,r3.0,integer,290,,N,,,,,,allele_frequency,variant,gnomAD Total number of alleles in samples of Ashkenazi Jewish ancestry,Total number of alleles in samples of Ashkenazi Jewish ancestry,gnomAD,2.1.1,,,,,,Y
242,gnomad_an_eas,gnomAD,r3.0,integer,1558,,N,,,,,,allele_frequency,variant,gnomAD Total number of alleles in samples of East Asian ancestry,Total number of alleles in samples of East Asian ancestry,gnomAD,2.1.1,,,,,,Y
243,gnomad_an_fin,gnomAD,r3.0,integer,3472,,N,,,,,,allele_frequency,variant,gnomAD Total number of alleles in samples of Finnish ancestry,Total number of alleles in samples of Finnish ancestry,gnomAD,2.1.1,,,,,,Y
244,gnomad_an_nfe,gnomAD,r3.0,integer,15390,,N,,,,,,allele_frequency,variant,gnomAD Total number of alleles in samples of Non-Finnish European ancestry,Total number of alleles in samples of Non-Finnish European ancestry,gnomAD,2.1.1,,,,,,Y
245,gnomad_an_sas,gnomAD,r3.0,integer,,,N,,,,,,,,,,,,,,,,,Y
246,gnomad_an_oth,gnomAD,r3.0,integer,1086,,N,,,,,,allele_frequency,variant,gnomAD Total number of alleles in samples of Other ancestry,Total number of alleles in samples of Other ancestry,gnomAD,2.1.1,,,,,,Y
247,gnomad_an_male,gnomAD,r3.0,integer,17436,,N,,,,,,allele_frequency,variant,gnomAD Total number of alleles in male samples,Total number of alleles in male samples,gnomAD,2.1.1,,,,,,Y
248,gnomad_an_afr_male,gnomAD,r3.0,integer,5022,,N,,,,,,allele_frequency,variant,gnomAD Total number of alleles in male samples of African-American/African ancestry,Total number of alleles in male samples of African-American/African ancestry,gnomAD,2.1.1,,,,,,Y
249,gnomad_an_ami_male,gnomAD,r3.0,integer,,,N,,,,,,,,,,,,,,,,,Y
250,gnomad_an_amr_male,gnomAD,r3.0,integer,434,,N,,,,,,allele_frequency,variant,gnomAD Total number of alleles in male samples of Latino ancestry,Total number of alleles in male samples of Latino ancestry,gnomAD,2.1.1,,,,,,Y
251,gnomad_an_asj_male,gnomAD,r3.0,integer,210,,N,,,,,,allele_frequency,variant,gnomAD Total number of alleles in male samples of Ashkenazi Jewish ancestry,Total number of alleles in male samples of Ashkenazi Jewish ancestry,gnomAD,2.1.1,,,,,,Y
252,gnomad_an_eas_male,gnomAD,r3.0,integer,1022,,N,,,,,,allele_frequency,variant,gnomAD Total number of alleles in male samples of East Asian ancestry,Total number of alleles in male samples of East Asian ancestry,gnomAD,2.1.1,,,,,,Y
253,gnomad_an_fin_male,gnomAD,r3.0,integer,1628,,N,,,,,,allele_frequency,variant,gnomAD Total number of alleles in male samples of Finnish ancestry,Total number of alleles in male samples of Finnish ancestry,gnomAD,2.1.1,,,,,,Y
254,gnomad_an_nfe_male,gnomAD,r3.0,integer,8594,,N,,,,,,allele_frequency,variant,gnomAD Total number of alleles in male samples of Non-Finnish European ancestry,Total number of alleles in male samples of Non-Finnish European ancestry,gnomAD,2.1.1,,,,,,Y
255,gnomad_an_sas_male,gnomAD,r3.0,integer,,,N,,,,,,,,,,,,,,,,,Y
256,gnomad_an_oth_male,gnomAD,r3.0,integer,526,,N,,,,,,allele_frequency,variant,gnomAD Total number of alleles in male samples of Other ancestry,Total number of alleles in male samples of Other ancestry,gnomAD,2.1.1,,,,,,Y
257,gnomad_an_female,gnomAD,r3.0,integer,13896,,N,,,,,,allele_frequency,variant,gnomAD Total number of alleles in female samples,Total number of alleles in female samples,gnomAD,2.1.1,,,,,,Y
258,gnomad_an_afr_female,gnomAD,r3.0,integer,3666,,N,,,,,,allele_frequency,variant,gnomAD Total number of alleles in female samples of African-American/African ancestry,Total number of alleles in female samples of African-American/African ancestry,gnomAD,2.1.1,,,,,,Y
259,gnomad_an_ami_female,gnomAD,r3.0,integer,,,N,,,,,,,,,,,,,,,,,Y
260,gnomad_an_amr_female,gnomAD,r3.0,integer,414,,N,,,,,,allele_frequency,variant,gnomAD Total number of alleles in female samples of Latino ancestry,Total number of alleles in female samples of Latino ancestry,gnomAD,2.1.1,,,,,,Y
261,gnomad_an_asj_female,gnomAD,r3.0,integer,80,,N,,,,,,allele_frequency,variant,gnomAD Total number of alleles in female samples of Ashkenazi Jewish ancestry,Total number of alleles in female samples of Ashkenazi Jewish ancestry,gnomAD,2.1.1,,,,,,Y
262,gnomad_an_eas_female,gnomAD,r3.0,integer,536,,N,,,,,,allele_frequency,variant,gnomAD Total number of alleles in female samples of East Asian ancestry,Total number of alleles in female samples of East Asian ancestry,gnomAD,2.1.1,,,,,,Y
263,gnomad_an_fin_female,gnomAD,r3.0,integer,1844,,N,,,,,,allele_frequency,variant,gnomAD Total number of alleles in female samples of Finnish ancestry,Total number of alleles in female samples of Finnish ancestry,gnomAD,2.1.1,,,,,,Y
264,gnomad_an_nfe_female,gnomAD,r3.0,integer,6796,,N,,,,,,allele_frequency,variant,gnomAD Total number of alleles in female samples of Non-Finnish European ancestry,Total number of alleles in female samples of Non-Finnish European ancestry,gnomAD,2.1.1,,,,,,Y
265,gnomad_an_sas_female,gnomAD,r3.0,integer,,,N,,,,,,,,,,,,,,,,,Y
266,gnomad_an_oth_female,gnomAD,r3.0,integer,560,,N,,,,,,allele_frequency,variant,gnomAD Total number of alleles in female samples of Other ancestry,Total number of alleles in female samples of Other ancestry,gnomAD,2.1.1,,,,,,Y
267,gnomad_an_raw,gnomAD,r3.0,integer,31416,,N,,,,,,allele_frequency,variant,"gnomAD Total number of alleles in samples, before removing low-confidence genotypes","Total number of alleles in samples, before removing low-confidence genotypes",gnomAD,2.1.1,,,,,,Y
268,gnomad_af,gnomAD,r3.0,number,4.03E-01,,N,,,,,,allele_frequency,variant,gnomAD Alternate allele frequency in samples,Alternate allele frequency in samples,gnomAD,2.1.1,,,,,,Y
269,gnomad_af_afr,gnomAD,r3.0,number,4.09E-01,,N,,,,,,allele_frequency,variant,gnomAD Alternate allele frequency in samples of African-American/African ancestry,Alternate allele frequency in samples of African-American/African ancestry,gnomAD,2.1.1,,,,,,Y
270,gnomad_af_ami,gnomAD,r3.0,number,,,N,,,,,,,,,,,,,,,,,Y
271,gnomad_af_amr,gnomAD,r3.0,number,2.71E-01,,N,,,,,,allele_frequency,variant,gnomAD Alternate allele frequency in samples of Latino ancestry,Alternate allele frequency in samples of Latino ancestry,gnomAD,2.1.1,,,,,,Y
272,gnomad_af_asj,gnomAD,r3.0,number,3.14E-01,,N,,,,,,allele_frequency,variant,gnomAD Alternate allele frequency in samples of Ashkenazi Jewish ancestry,Alternate allele frequency in samples of Ashkenazi Jewish ancestry,gnomAD,2.1.1,,,,,,Y
273,gnomad_af_eas,gnomAD,r3.0,number,2.14E-01,,N,,,,,,allele_frequency,variant,gnomAD Alternate allele frequency in samples of East Asian ancestry,Alternate allele frequency in samples of East Asian ancestry,gnomAD,2.1.1,,,,,,Y
274,gnomad_af_fin,gnomAD,r3.0,number,4.69E-01,,N,,,,,,allele_frequency,variant,gnomAD Alternate allele frequency in samples of Finnish ancestry,Alternate allele frequency in samples of Finnish ancestry,gnomAD,2.1.1,,,,,,Y
275,gnomad_af_nfe,gnomAD,r3.0,number,4.11E-01,,N,,,,,,allele_frequency,variant,gnomAD Alternate allele frequency in samples of Non-Finnish European ancestry,Alternate allele frequency in samples of Non-Finnish European ancestry,gnomAD,2.1.1,,,,,,Y
276,gnomad_af_sas,gnomAD,r3.0,number,,,N,,,,,,,,,,,,,,,,,Y
277,gnomad_af_oth,gnomAD,r3.0,number,4.13E-01,,N,,,,,,allele_frequency,variant,gnomAD Alternate allele frequency in samples of Other ancestry,Alternate allele frequency in samples of Other ancestry,gnomAD,2.1.1,,,,,,Y
278,gnomad_af_male,gnomAD,r3.0,number,3.98E-01,,N,,,,,,allele_frequency,variant,gnomAD Alternate allele frequency in male samples,Alternate allele frequency in male samples,gnomAD,2.1.1,,,,,,Y
279,gnomad_af_afr_male,gnomAD,r3.0,number,4.13E-01,,N,,,,,,allele_frequency,variant,gnomAD Alternate allele frequency in male samples of African-American/African ancestry,Alternate allele frequency in male samples of African-American/African ancestry,gnomAD,2.1.1,,,,,,Y
280,gnomad_af_ami_male,gnomAD,r3.0,number,,,N,,,,,,,,,,,,,,,,,Y
281,gnomad_af_amr_male,gnomAD,r3.0,number,2.56E-01,,N,,,,,,allele_frequency,variant,gnomAD Alternate allele frequency in male samples of Latino ancestry,Alternate allele frequency in male samples of Latino ancestry,gnomAD,2.1.1,,,,,,Y
282,gnomad_af_asj_male,gnomAD,r3.0,number,3.10E-01,,N,,,,,,allele_frequency,variant,gnomAD Alternate allele frequency in male samples of Ashkenazi Jewish ancestry,Alternate allele frequency in male samples of Ashkenazi Jewish ancestry,gnomAD,2.1.1,,,,,,Y
283,gnomad_af_eas_male,gnomAD,r3.0,number,2.14E-01,,N,,,,,,allele_frequency,variant,gnomAD Alternate allele frequency in male samples of East Asian ancestry,Alternate allele frequency in male samples of East Asian ancestry,gnomAD,2.1.1,,,,,,Y
284,gnomad_af_fin_male,gnomAD,r3.0,number,4.66E-01,,N,,,,,,allele_frequency,variant,gnomAD Alternate allele frequency in male samples of Finnish ancestry,Alternate allele frequency in male samples of Finnish ancestry,gnomAD,2.1.1,,,,,,Y
285,gnomad_af_nfe_male,gnomAD,r3.0,number,4.16E-01,,N,,,,,,allele_frequency,variant,gnomAD Alternate allele frequency in female samples of Non-Finnish European ancestry,Alternate allele frequency in female samples of Non-Finnish European ancestry,gnomAD,2.1.1,,,,,,Y
286,gnomad_af_sas_male,gnomAD,r3.0,number,,,N,,,,,,,,,,,,,,,,,Y
287,gnomad_af_oth_male,gnomAD,r3.0,number,3.97E-01,,N,,,,,,allele_frequency,variant,gnomAD Alternate allele frequency in male samples of Other ancestry,Alternate allele frequency in male samples of Other ancestry,gnomAD,2.1.1,,,,,,Y
288,gnomad_af_female,gnomAD,r3.0,number,4.09E-01,,N,,,,,,allele_frequency,variant,gnomAD Alternate allele frequency in female samples,Alternate allele frequency in female samples,gnomAD,2.1.1,,,,,,Y
289,gnomad_af_afr_female,gnomAD,r3.0,number,4.05E-01,,N,,,,,,allele_frequency,variant,gnomAD Alternate allele frequency in female samples of African-American/African ancestry,Alternate allele frequency in female samples of African-American/African ancestry,gnomAD,2.1.1,,,,,,Y
290,gnomad_af_ami_female,gnomAD,r3.0,number,,,N,,,,,,,,,,,,,,,,,Y
291,gnomad_af_amr_female,gnomAD,r3.0,number,2.87E-01,,N,,,,,,allele_frequency,variant,gnomAD Alternate allele frequency in female samples of Latino ancestry,Alternate allele frequency in female samples of Latino ancestry,gnomAD,2.1.1,,,,,,Y
292,gnomad_af_asj_female,gnomAD,r3.0,number,3.25E-01,,N,,,,,,allele_frequency,variant,gnomAD Alternate allele frequency in female samples of Ashkenazi Jewish ancestry,Alternate allele frequency in female samples of Ashkenazi Jewish ancestry,gnomAD,2.1.1,,,,,,Y
293,gnomad_af_eas_female,gnomAD,r3.0,number,2.15E-01,,N,,,,,,allele_frequency,variant,gnomAD Alternate allele frequency in female samples of East Asian ancestry,Alternate allele frequency in female samples of East Asian ancestry,gnomAD,2.1.1,,,,,,Y
294,gnomad_af_fin_female,gnomAD,r3.0,number,4.72E-01,,N,,,,,,allele_frequency,variant,gnomAD Alternate allele frequency in female samples of Finnish ancestry,Alternate allele frequency in female samples of Finnish ancestry,gnomAD,2.1.1,,,,,,Y
295,gnomad_af_nfe_female,gnomAD,r3.0,number,4.49E-01,,N,,,,,,allele_frequency,variant,gnomAD Alternate allele frequency in samples of Estonian ancestry,Alternate allele frequency in samples of Estonian ancestry,gnomAD,2.1.1,,,,,,Y
296,gnomad_af_sas_female,gnomAD,r3.0,number,,,N,,,,,,,,,,,,,,,,,Y
297,gnomad_af_oth_female,gnomAD,r3.0,number,4.29E-01,,N,,,,,,allele_frequency,variant,gnomAD Alternate allele frequency in female samples of Other ancestry,Alternate allele frequency in female samples of Other ancestry,gnomAD,2.1.1,,,,,,Y
298,gnomad_af_raw,gnomAD,r3.0,number,4.03E-01,,N,,,,,,allele_frequency,variant,"gnomAD Alternate allele frequency in samples, before removing low-confidence genotypes","Alternate allele frequency in samples, before removing low-confidence genotypes",gnomAD,2.1.1,,,,,,Y
299,gnomad_nhomalt,gnomAD,r3.0,integer,2586,,N,,,,,,allele_frequency,variant,gnomAD Count of homozygous individuals in samples,Count of homozygous individuals in samples,gnomAD,2.1.1,,,,,,N
300,gnomad_nhomalt_afr,gnomAD,r3.0,integer,738,,N,,,,,,allele_frequency,variant,gnomAD Count of homozygous individuals in samples of African-American/African ancestry,Count of homozygous individuals in samples of African-American/African ancestry,gnomAD,2.1.1,,,,,,N
301,gnomad_nhomalt_ami,gnomAD,r3.0,integer,,,N,,,,,,,,,,,,,,,,,N
302,gnomad_nhomalt_amr,gnomAD,r3.0,integer,33,,N,,,,,,allele_frequency,variant,gnomAD Count of homozygous individuals in samples of Latino ancestry,Count of homozygous individuals in samples of Latino ancestry,gnomAD,2.1.1,,,,,,N
303,gnomad_nhomalt_asj,gnomAD,r3.0,integer,16,,N,,,,,,allele_frequency,variant,gnomAD Count of homozygous individuals in samples of Ashkenazi Jewish ancestry,Count of homozygous individuals in samples of Ashkenazi Jewish ancestry,gnomAD,2.1.1,,,,,,N
304,gnomad_nhomalt_eas,gnomAD,r3.0,integer,37,,N,,,,,,allele_frequency,variant,gnomAD Count of homozygous individuals in samples of East Asian ancestry,Count of homozygous individuals in samples of East Asian ancestry,gnomAD,2.1.1,,,,,,N
305,gnomad_nhomalt_fin,gnomAD,r3.0,integer,364,,N,,,,,,allele_frequency,variant,gnomAD Count of homozygous individuals in samples of Finnish ancestry,Count of homozygous individuals in samples of Finnish ancestry,gnomAD,2.1.1,,,,,,N
306,gnomad_nhomalt_nfe,gnomAD,r3.0,integer,1307,,N,,,,,,allele_frequency,variant,gnomAD Count of homozygous individuals in samples of Non-Finnish European ancestry,Count of homozygous individuals in samples of Non-Finnish European ancestry,gnomAD,2.1.1,,,,,,N
307,gnomad_nhomalt_sas,gnomAD,r3.0,integer,,,N,,,,,,,,,,,,,,,,,N
308,gnomad_nhomalt_oth,gnomAD,r3.0,integer,91,,N,,,,,,allele_frequency,variant,gnomAD Count of homozygous individuals in samples of Other ancestry,Count of homozygous individuals in samples of Other ancestry,gnomAD,2.1.1,,,,,,N
309,gnomad_nhomalt_male,gnomAD,r3.0,integer,1410,,N,,,,,,allele_frequency,variant,gnomAD Count of homozygous individuals in male samples,Count of homozygous individuals in male samples,gnomAD,2.1.1,,,,,,N
310,gnomad_nhomalt_afr_male,gnomAD,r3.0,integer,442,,N,,,,,,allele_frequency,variant,gnomAD Count of homozygous individuals in male samples of African-American/African ancestry,Count of homozygous individuals in male samples of African-American/African ancestry,gnomAD,2.1.1,,,,,,N
311,gnomad_nhomalt_ami_male,gnomAD,r3.0,integer,,,N,,,,,,,,,,,,,,,,,N
312,gnomad_nhomalt_amr_male,gnomAD,r3.0,integer,16,,N,,,,,,allele_frequency,variant,gnomAD Count of homozygous individuals in male samples of Latino ancestry,Count of homozygous individuals in male samples of Latino ancestry,gnomAD,2.1.1,,,,,,N
313,gnomad_nhomalt_asj_male,gnomAD,r3.0,integer,10,,N,,,,,,allele_frequency,variant,gnomAD Count of homozygous individuals in male samples of Ashkenazi Jewish ancestry,Count of homozygous individuals in male samples of Ashkenazi Jewish ancestry,gnomAD,2.1.1,,,,,,N
314,gnomad_nhomalt_eas_male,gnomAD,r3.0,integer,24,,N,,,,,,allele_frequency,variant,gnomAD Count of homozygous individuals in male samples of East Asian ancestry,Count of homozygous individuals in male samples of East Asian ancestry,gnomAD,2.1.1,,,,,,N
315,gnomad_nhomalt_fin_male,gnomAD,r3.0,integer,160,,N,,,,,,allele_frequency,variant,gnomAD Count of homozygous individuals in male samples of Finnish ancestry,Count of homozygous individuals in male samples of Finnish ancestry,gnomAD,2.1.1,,,,,,N
316,gnomad_nhomalt_nfe_male,gnomAD,r3.0,integer,589,,N,,,,,,allele_frequency,variant,gnomAD Count of homozygous individuals in female samples of Non-Finnish European ancestry,Count of homozygous individuals in female samples of Non-Finnish European ancestry,gnomAD,2.1.1,,,,,,N
317,gnomad_nhomalt_sas_male,gnomAD,r3.0,integer,,,N,,,,,,,,,,,,,,,,,N
318,gnomad_nhomalt_oth_male,gnomAD,r3.0,integer,40,,N,,,,,,allele_frequency,variant,gnomAD Count of homozygous individuals in male samples of Other ancestry,Count of homozygous individuals in male samples of Other ancestry,gnomAD,2.1.1,,,,,,N
319,gnomad_nhomalt_female,gnomAD,r3.0,integer,1176,,N,,,,,,allele_frequency,variant,gnomAD Count of homozygous individuals in female samples,Count of homozygous individuals in female samples,gnomAD,2.1.1,,,,,,N
320,gnomad_nhomalt_afr_female,gnomAD,r3.0,integer,296,,N,,,,,,allele_frequency,variant,gnomAD Count of homozygous individuals in female samples of African-American/African ancestry,Count of homozygous individuals in female samples of African-American/African ancestry,gnomAD,2.1.1,,,,,,N
321,gnomad_nhomalt_ami_female,gnomAD,r3.0,integer,,,N,,,,,,,,,,,,,,,,,N
322,gnomad_nhomalt_amr_female,gnomAD,r3.0,integer,17,,N,,,,,,allele_frequency,variant,gnomAD Count of homozygous individuals in female samples of Latino ancestry,Count of homozygous individuals in female samples of Latino ancestry,gnomAD,2.1.1,,,,,,N
323,gnomad_nhomalt_asj_female,gnomAD,r3.0,integer,6,,N,,,,,,allele_frequency,variant,gnomAD Count of homozygous individuals in female samples of Ashkenazi Jewish ancestry,Count of homozygous individuals in female samples of Ashkenazi Jewish ancestry,gnomAD,2.1.1,,,,,,N
324,gnomad_nhomalt_eas_female,gnomAD,r3.0,integer,13,,N,,,,,,allele_frequency,variant,gnomAD Count of homozygous individuals in female samples of East Asian ancestry,Count of homozygous individuals in female samples of East Asian ancestry,gnomAD,2.1.1,,,,,,N
325,gnomad_nhomalt_fin_female,gnomAD,r3.0,integer,204,,N,,,,,,allele_frequency,variant,gnomAD Count of homozygous individuals in female samples of Finnish ancestry,Count of homozygous individuals in female samples of Finnish ancestry,gnomAD,2.1.1,,,,,,N
326,gnomad_nhomalt_nfe_female,gnomAD,r3.0,integer,471,,N,,,,,,allele_frequency,variant,gnomAD Count of homozygous individuals in samples of Estonian ancestry,Count of homozygous individuals in samples of Estonian ancestry,gnomAD,2.1.1,,,,,,N
327,gnomad_nhomalt_sas_female,gnomAD,r3.0,integer,,,N,,,,,,,,,,,,,,,,,N
328,gnomad_nhomalt_oth_female,gnomAD,r3.0,integer,51,,N,,,,,,allele_frequency,variant,gnomAD Count of homozygous individuals in female samples of Other ancestry,Count of homozygous individuals in female samples of Other ancestry,gnomAD,2.1.1,,,,,,N
329,gnomad_nhomalt_raw,gnomAD,r3.0,integer,2600,,N,,,,,,allele_frequency,variant,"gnomAD Count of homozygous individuals in samples, before removing low-confidence genotypes","Count of homozygous individuals in samples, before removing low-confidence genotypes",gnomAD,2.1.1,,,,,,N
330,gnomad_dp,gnomAD,r3.0,integer,737905,,N,,,,,,allele_frequency,variant,gnomAD Depth of informative coverage for each sample; reads with MQ=255 or with bad mates are filtered,Depth of informative coverage for each sample; reads with MQ=255 or with bad mates are filtered,gnomAD,2.1.1,,,,,,Y
331,gnomadexome_ac,gnomADexome,r2.1.1,integer,,,N,,,,,,,,,,,,,,,,,Y
332,gnomadexome_ac_afr,gnomADexome,r2.1.1,integer,,,N,,,,,,,,,,,,,,,,,Y
333,gnomadexome_ac_ami,gnomADexome,r2.1.1,integer,,,N,,,,,,,,,,,,,,,,,Y
334,gnomadexome_ac_amr,gnomADexome,r2.1.1,integer,,,N,,,,,,,,,,,,,,,,,Y
335,gnomadexome_ac_asj,gnomADexome,r2.1.1,integer,,,N,,,,,,,,,,,,,,,,,Y
336,gnomadexome_ac_eas,gnomADexome,r2.1.1,integer,,,N,,,,,,,,,,,,,,,,,Y
337,gnomadexome_ac_fin,gnomADexome,r2.1.1,integer,,,N,,,,,,,,,,,,,,,,,Y
338,gnomadexome_ac_nfe,gnomADexome,r2.1.1,integer,,,N,,,,,,,,,,,,,,,,,Y
339,gnomadexome_ac_sas,gnomADexome,r2.1.1,integer,,,N,,,,,,,,,,,,,,,,,Y
340,gnomadexome_ac_oth,gnomADexome,r2.1.1,integer,,,N,,,,,,,,,,,,,,,,,Y
341,gnomadexome_ac_male,gnomADexome,r2.1.1,integer,,,N,,,,,,,,,,,,,,,,,Y
342,gnomadexome_ac_afr_male,gnomADexome,r2.1.1,integer,,,N,,,,,,,,,,,,,,,,,Y
343,gnomadexome_ac_ami_male,gnomADexome,r2.1.1,integer,,,N,,,,,,,,,,,,,,,,,Y
344,gnomadexome_ac_amr_male,gnomADexome,r2.1.1,integer,,,N,,,,,,,,,,,,,,,,,Y
345,gnomadexome_ac_asj_male,gnomADexome,r2.1.1,integer,,,N,,,,,,,,,,,,,,,,,Y
346,gnomadexome_ac_eas_male,gnomADexome,r2.1.1,integer,,,N,,,,,,,,,,,,,,,,,Y
347,gnomadexome_ac_fin_male,gnomADexome,r2.1.1,integer,,,N,,,,,,,,,,,,,,,,,Y
348,gnomadexome_ac_nfe_male,gnomADexome,r2.1.1,integer,,,N,,,,,,,,,,,,,,,,,Y
349,gnomadexome_ac_sas_male,gnomADexome,r2.1.1,integer,,,N,,,,,,,,,,,,,,,,,Y
350,gnomadexome_ac_oth_male,gnomADexome,r2.1.1,integer,,,N,,,,,,,,,,,,,,,,,Y
351,gnomadexome_ac_female,gnomADexome,r2.1.1,integer,,,N,,,,,,,,,,,,,,,,,Y
352,gnomadexome_ac_afr_female,gnomADexome,r2.1.1,integer,,,N,,,,,,,,,,,,,,,,,Y
353,gnomadexome_ac_ami_female,gnomADexome,r2.1.1,integer,,,N,,,,,,,,,,,,,,,,,Y
354,gnomadexome_ac_amr_female,gnomADexome,r2.1.1,integer,,,N,,,,,,,,,,,,,,,,,Y
355,gnomadexome_ac_asj_female,gnomADexome,r2.1.1,integer,,,N,,,,,,,,,,,,,,,,,Y
356,gnomadexome_ac_eas_female,gnomADexome,r2.1.1,integer,,,N,,,,,,,,,,,,,,,,,Y
357,gnomadexome_ac_fin_female,gnomADexome,r2.1.1,integer,,,N,,,,,,,,,,,,,,,,,Y
358,gnomadexome_ac_nfe_female,gnomADexome,r2.1.1,integer,,,N,,,,,,,,,,,,,,,,,Y
359,gnomadexome_ac_sas_female,gnomADexome,r2.1.1,integer,,,N,,,,,,,,,,,,,,,,,Y
360,gnomadexome_ac_oth_female,gnomADexome,r2.1.1,integer,,,N,,,,,,,,,,,,,,,,,Y
361,gnomadexome_ac_raw,gnomADexome,r2.1.1,integer,,,N,,,,,,,,,,,,,,,,,Y
362,gnomadexome_an,gnomADexome,r2.1.1,integer,,,N,,,,,,,,,,,,,,,,,Y
363,gnomadexome_an_afr,gnomADexome,r2.1.1,integer,,,N,,,,,,,,,,,,,,,,,Y
364,gnomadexome_an_ami,gnomADexome,r2.1.1,integer,,,N,,,,,,,,,,,,,,,,,Y
365,gnomadexome_an_amr,gnomADexome,r2.1.1,integer,,,N,,,,,,,,,,,,,,,,,Y
366,gnomadexome_an_asj,gnomADexome,r2.1.1,integer,,,N,,,,,,,,,,,,,,,,,Y
367,gnomadexome_an_eas,gnomADexome,r2.1.1,integer,,,N,,,,,,,,,,,,,,,,,Y
368,gnomadexome_an_fin,gnomADexome,r2.1.1,integer,,,N,,,,,,,,,,,,,,,,,Y
369,gnomadexome_an_nfe,gnomADexome,r2.1.1,integer,,,N,,,,,,,,,,,,,,,,,Y
370,gnomadexome_an_sas,gnomADexome,r2.1.1,integer,,,N,,,,,,,,,,,,,,,,,Y
371,gnomadexome_an_oth,gnomADexome,r2.1.1,integer,,,N,,,,,,,,,,,,,,,,,Y
372,gnomadexome_an_male,gnomADexome,r2.1.1,integer,,,N,,,,,,,,,,,,,,,,,Y
373,gnomadexome_an_afr_male,gnomADexome,r2.1.1,integer,,,N,,,,,,,,,,,,,,,,,Y
374,gnomadexome_an_ami_male,gnomADexome,r2.1.1,integer,,,N,,,,,,,,,,,,,,,,,Y
375,gnomadexome_an_amr_male,gnomADexome,r2.1.1,integer,,,N,,,,,,,,,,,,,,,,,Y
376,gnomadexome_an_asj_male,gnomADexome,r2.1.1,integer,,,N,,,,,,,,,,,,,,,,,Y
377,gnomadexome_an_eas_male,gnomADexome,r2.1.1,integer,,,N,,,,,,,,,,,,,,,,,Y
378,gnomadexome_an_fin_male,gnomADexome,r2.1.1,integer,,,N,,,,,,,,,,,,,,,,,Y
379,gnomadexome_an_nfe_male,gnomADexome,r2.1.1,integer,,,N,,,,,,,,,,,,,,,,,Y
380,gnomadexome_an_sas_male,gnomADexome,r2.1.1,integer,,,N,,,,,,,,,,,,,,,,,Y
381,gnomadexome_an_oth_male,gnomADexome,r2.1.1,integer,,,N,,,,,,,,,,,,,,,,,Y
382,gnomadexome_an_female,gnomADexome,r2.1.1,integer,,,N,,,,,,,,,,,,,,,,,Y
383,gnomadexome_an_afr_female,gnomADexome,r2.1.1,integer,,,N,,,,,,,,,,,,,,,,,Y
384,gnomadexome_an_ami_female,gnomADexome,r2.1.1,integer,,,N,,,,,,,,,,,,,,,,,Y
385,gnomadexome_an_amr_female,gnomADexome,r2.1.1,integer,,,N,,,,,,,,,,,,,,,,,Y
386,gnomadexome_an_asj_female,gnomADexome,r2.1.1,integer,,,N,,,,,,,,,,,,,,,,,Y
387,gnomadexome_an_eas_female,gnomADexome,r2.1.1,integer,,,N,,,,,,,,,,,,,,,,,Y
388,gnomadexome_an_fin_female,gnomADexome,r2.1.1,integer,,,N,,,,,,,,,,,,,,,,,Y
389,gnomadexome_an_nfe_female,gnomADexome,r2.1.1,integer,,,N,,,,,,,,,,,,,,,,,Y
390,gnomadexome_an_sas_female,gnomADexome,r2.1.1,integer,,,N,,,,,,,,,,,,,,,,,Y
391,gnomadexome_an_oth_female,gnomADexome,r2.1.1,integer,,,N,,,,,,,,,,,,,,,,,Y
392,gnomadexome_an_raw,gnomADexome,r2.1.1,integer,,,N,,,,,,,,,,,,,,,,,Y
393,gnomadexome_af,gnomADexome,r2.1.1,number,,,N,,,,,,,,,,,,,,,,,Y
394,gnomadexome_af_afr,gnomADexome,r2.1.1,number,,,N,,,,,,,,,,,,,,,,,Y
395,gnomadexome_af_ami,gnomADexome,r2.1.1,number,,,N,,,,,,,,,,,,,,,,,Y
396,gnomadexome_af_amr,gnomADexome,r2.1.1,number,,,N,,,,,,,,,,,,,,,,,Y
397,gnomadexome_af_asj,gnomADexome,r2.1.1,number,,,N,,,,,,,,,,,,,,,,,Y
398,gnomadexome_af_eas,gnomADexome,r2.1.1,number,,,N,,,,,,,,,,,,,,,,,Y
399,gnomadexome_af_fin,gnomADexome,r2.1.1,number,,,N,,,,,,,,,,,,,,,,,Y
400,gnomadexome_af_nfe,gnomADexome,r2.1.1,number,,,N,,,,,,,,,,,,,,,,,Y
401,gnomadexome_af_sas,gnomADexome,r2.1.1,number,,,N,,,,,,,,,,,,,,,,,Y
402,gnomadexome_af_oth,gnomADexome,r2.1.1,number,,,N,,,,,,,,,,,,,,,,,Y
403,gnomadexome_af_male,gnomADexome,r2.1.1,number,,,N,,,,,,,,,,,,,,,,,Y
404,gnomadexome_af_afr_male,gnomADexome,r2.1.1,number,,,N,,,,,,,,,,,,,,,,,Y
405,gnomadexome_af_ami_male,gnomADexome,r2.1.1,number,,,N,,,,,,,,,,,,,,,,,Y
406,gnomadexome_af_amr_male,gnomADexome,r2.1.1,number,,,N,,,,,,,,,,,,,,,,,Y
407,gnomadexome_af_asj_male,gnomADexome,r2.1.1,number,,,N,,,,,,,,,,,,,,,,,Y
408,gnomadexome_af_eas_male,gnomADexome,r2.1.1,number,,,N,,,,,,,,,,,,,,,,,Y
409,gnomadexome_af_fin_male,gnomADexome,r2.1.1,number,,,N,,,,,,,,,,,,,,,,,Y
410,gnomadexome_af_nfe_male,gnomADexome,r2.1.1,number,,,N,,,,,,,,,,,,,,,,,Y
411,gnomadexome_af_sas_male,gnomADexome,r2.1.1,number,,,N,,,,,,,,,,,,,,,,,Y
412,gnomadexome_af_oth_male,gnomADexome,r2.1.1,number,,,N,,,,,,,,,,,,,,,,,Y
413,gnomadexome_af_female,gnomADexome,r2.1.1,number,,,N,,,,,,,,,,,,,,,,,Y
414,gnomadexome_af_afr_female,gnomADexome,r2.1.1,number,,,N,,,,,,,,,,,,,,,,,Y
415,gnomadexome_af_ami_female,gnomADexome,r2.1.1,number,,,N,,,,,,,,,,,,,,,,,Y
416,gnomadexome_af_amr_female,gnomADexome,r2.1.1,number,,,N,,,,,,,,,,,,,,,,,Y
417,gnomadexome_af_asj_female,gnomADexome,r2.1.1,number,,,N,,,,,,,,,,,,,,,,,Y
418,gnomadexome_af_eas_female,gnomADexome,r2.1.1,number,,,N,,,,,,,,,,,,,,,,,Y
419,gnomadexome_af_fin_female,gnomADexome,r2.1.1,number,,,N,,,,,,,,,,,,,,,,,Y
420,gnomadexome_af_nfe_female,gnomADexome,r2.1.1,number,,,N,,,,,,,,,,,,,,,,,Y
421,gnomadexome_af_sas_female,gnomADexome,r2.1.1,number,,,N,,,,,,,,,,,,,,,,,Y
422,gnomadexome_af_oth_female,gnomADexome,r2.1.1,number,,,N,,,,,,,,,,,,,,,,,Y
423,gnomadexome_af_raw,gnomADexome,r2.1.1,number,,,N,,,,,,,,,,,,,,,,,Y
424,gnomadexome_nhomalt,gnomADexome,r2.1.1,integer,,,N,,,,,,,,,,,,,,,,,N
425,gnomadexome_nhomalt_afr,gnomADexome,r2.1.1,integer,,,N,,,,,,,,,,,,,,,,,N
426,gnomadexome_nhomalt_ami,gnomADexome,r2.1.1,integer,,,N,,,,,,,,,,,,,,,,,N
427,gnomadexome_nhomalt_amr,gnomADexome,r2.1.1,integer,,,N,,,,,,,,,,,,,,,,,N
428,gnomadexome_nhomalt_asj,gnomADexome,r2.1.1,integer,,,N,,,,,,,,,,,,,,,,,N
429,gnomadexome_nhomalt_eas,gnomADexome,r2.1.1,integer,,,N,,,,,,,,,,,,,,,,,N
430,gnomadexome_nhomalt_fin,gnomADexome,r2.1.1,integer,,,N,,,,,,,,,,,,,,,,,N
431,gnomadexome_nhomalt_nfe,gnomADexome,r2.1.1,integer,,,N,,,,,,,,,,,,,,,,,N
432,gnomadexome_nhomalt_sas,gnomADexome,r2.1.1,integer,,,N,,,,,,,,,,,,,,,,,N
433,gnomadexome_nhomalt_oth,gnomADexome,r2.1.1,integer,,,N,,,,,,,,,,,,,,,,,N
434,gnomadexome_nhomalt_male,gnomADexome,r2.1.1,integer,,,N,,,,,,,,,,,,,,,,,N
435,gnomadexome_nhomalt_afr_male,gnomADexome,r2.1.1,integer,,,N,,,,,,,,,,,,,,,,,N
436,gnomadexome_nhomalt_ami_male,gnomADexome,r2.1.1,integer,,,N,,,,,,,,,,,,,,,,,N
437,gnomadexome_nhomalt_amr_male,gnomADexome,r2.1.1,integer,,,N,,,,,,,,,,,,,,,,,N
438,gnomadexome_nhomalt_asj_male,gnomADexome,r2.1.1,integer,,,N,,,,,,,,,,,,,,,,,N
439,gnomadexome_nhomalt_eas_male,gnomADexome,r2.1.1,integer,,,N,,,,,,,,,,,,,,,,,N
440,gnomadexome_nhomalt_fin_male,gnomADexome,r2.1.1,integer,,,N,,,,,,,,,,,,,,,,,N
441,gnomadexome_nhomalt_nfe_male,gnomADexome,r2.1.1,integer,,,N,,,,,,,,,,,,,,,,,N
442,gnomadexome_nhomalt_sas_male,gnomADexome,r2.1.1,integer,,,N,,,,,,,,,,,,,,,,,N
443,gnomadexome_nhomalt_oth_male,gnomADexome,r2.1.1,integer,,,N,,,,,,,,,,,,,,,,,N
444,gnomadexome_nhomalt_female,gnomADexome,r2.1.1,integer,,,N,,,,,,,,,,,,,,,,,N
445,gnomadexome_nhomalt_afr_female,gnomADexome,r2.1.1,integer,,,N,,,,,,,,,,,,,,,,,N
446,gnomadexome_nhomalt_ami_female,gnomADexome,r2.1.1,integer,,,N,,,,,,,,,,,,,,,,,N
447,gnomadexome_nhomalt_amr_female,gnomADexome,r2.1.1,integer,,,N,,,,,,,,,,,,,,,,,N
448,gnomadexome_nhomalt_asj_female,gnomADexome,r2.1.1,integer,,,N,,,,,,,,,,,,,,,,,N
449,gnomadexome_nhomalt_eas_female,gnomADexome,r2.1.1,integer,,,N,,,,,,,,,,,,,,,,,N
450,gnomadexome_nhomalt_fin_female,gnomADexome,r2.1.1,integer,,,N,,,,,,,,,,,,,,,,,N
451,gnomadexome_nhomalt_nfe_female,gnomADexome,r2.1.1,integer,,,N,,,,,,,,,,,,,,,,,N
452,gnomadexome_nhomalt_sas_female,gnomADexome,r2.1.1,integer,,,N,,,,,,,,,,,,,,,,,N
453,gnomadexome_nhomalt_oth_female,gnomADexome,r2.1.1,integer,,,N,,,,,,,,,,,,,,,,,N
454,gnomadexome_nhomalt_raw,gnomADexome,r2.1.1,integer,,,N,,,,,,,,,,,,,,,,,N
455,gnomadexome_dp,gnomADexome,r2.1.1,integer,,,N,,,,,,,,,,,,,,,,,Y
456,maxpopaf_max_pop_af,MaxPopAF,0.2,number,0.4757,,N,,,VARIANT,POPULATION GENETICS,EXPERIMENTAL EVIDENCE,allele_frequency,variant,Maximum allele frequency,Maximum allele frequency of all population data,-,-,,,,,,Y
457,maxpopaf_max_pop_af_eur,MaxPopAF,0.2,number,,,N,,,,,,,,,,,,,,,,,Y
458,maxpopaf_max_pop_af_afr,MaxPopAF,0.2,number,,,N,,,,,,,,,,,,,,,,,Y
459,maxpopaf_max_pop_af_lat,MaxPopAF,0.2,number,,,N,,,,,,,,,,,,,,,,,Y
460,maxpopaf_max_pop_af_eas,MaxPopAF,0.2,number,,,N,,,,,,,,,,,,,,,,,Y
461,maxpopaf_max_pop_af_asj,MaxPopAF,0.2,number,,,N,,,,,,,,,,,,,,,,,Y
462,dbnsfp_codon_degeneracy,dbNSFP,4.0a,integer,0,,N,,,,,,,,,,,,,,,,,Y
463,dbnsfp_ancestral_allele,dbNSFP,4.0a,string,,,N,,,,,,,,,,,,,,,,,Y
464,dbnsfp_altaineandertal,dbNSFP,4.0a,string,A/A,,N,,,,,,,,,,,,,,,,,Y
465,dbnsfp_denisova,dbNSFP,4.0a,string,A/A,,N,,,,,,,,,,,,,,,,,Y
466,dbnsfp_vindijianeandertal,dbNSFP,4.0a,string,A/A,,N,,,,,,,,,,,,,,,,,Y
467,dbnsfp_sift_score,dbNSFP,4.0a,number,0.036,,N,,,,,,pathogenicity,variant,SIFT score,SIFT score,SIFT,,,,,,,Y
468,dbnsfp_sift_converted_rankscore,dbNSFP,4.0a,number,0.43393,,N,,,,,,pathogenicity,variant,SIFT converted rankscore,SIFT converted rankscore,SIFT,,,,,,,Y
469,dbnsfp_sift_pred,dbNSFP,4.0a,string,D,,N,,,,,,pathogenicity,variant,SIFT prediction,D: Deleterious (sift<=0.05); T: tolerated (sift>0.05),SIFT,,,,,,,Y
470,dbnsfp_sift4g_score,dbNSFP,4.0a,string,0.002,,N,,,,,,,,,,,,,,,,,Y
471,dbnsfp_sift4g_converted_rankscore,dbNSFP,4.0a,number,0.79402,,N,,,,,,,,,,,,,,,,,Y
472,dbnsfp_sift4g_pred,dbNSFP,4.0a,string,D,,N,,,,,,,,,,,,,,,,,Y
473,dbnsfp_polyphen2_hdiv_score,dbNSFP,4.0a,number,,,N,,,,,,pathogenicity,variant,Polyphen2 HDIV score,Polyphen2 HDIV score,PolyPhen2,,,,,,,Y
474,dbnsfp_polyphen2_hdiv_rankscore,dbNSFP,4.0a,number,,,N,,,,,,pathogenicity,variant,Polyphen2 HDIV rankscore,Polyphen2 HDIV rankscore,PolyPhen2,,,,,,,Y
475,dbnsfp_polyphen2_hdiv_pred,dbNSFP,4.0a,string,,,N,,,,,,pathogenicity,variant,Polyphen2 HDIV prediction,"D: Probably damaging (>=0.957), P: possibly damaging (0.453<=pp2_hdiv<=0.956); B: benign (pp2_hdiv<=0.452)",PolyPhen2,,,,,,,Y
476,dbnsfp_polyphen2_hvar_score,dbNSFP,4.0a,number,,,N,,,,,,pathogenicity,variant,Polyphen2 HVAR score,Polyphen2 HVAR score,PolyPhen2,,,,,,,Y
477,dbnsfp_polyphen2_hvar_rankscore,dbNSFP,4.0a,number,,,N,,,,,,pathogenicity,variant,Polyphen2 HVAR rankscore,Polyphen2 HVAR rankscore,PolyPhen2,,,,,,,Y
478,dbnsfp_polyphen2_hvar_pred,dbNSFP,4.0a,string,,,N,,,,,,pathogenicity,variant,Polyphen2 HVAR prediction,"D: Probably damaging (>=0.909), P: possibly damaging (0.447<=pp2_hdiv<=0.909); B: benign (pp2_hdiv<=0.446)",PolyPhen2,,,,,,,Y
479,dbnsfp_lrt_score,dbNSFP,4.0a,number,0.000004,,N,,,,,,pathogenicity,variant,LRT score,LRT score,LRT,,,,,,,Y
480,dbnsfp_lrt_converted_rankscore,dbNSFP,4.0a,number,0.62929,,N,,,,,,pathogenicity,variant,LRT converted rankscore,LRT converted rankscore,LRT,,,,,,,Y
481,dbnsfp_lrt_pred,dbNSFP,4.0a,string,D,,N,,,,,,pathogenicity,variant,LRT prediction,D: Deleterious; N: Neutral; U: Unknown,LRT,,,,,,,Y
482,dbnsfp_lrt_omega,dbNSFP,4.0a,integer,0,,N,,,,,,,,,,,,,,,,,Y
483,dbnsfp_mutationtaster_score,dbNSFP,4.0a,number,1,,N,,,,,,pathogenicity,variant,MutationTater score,MutationTater score,MutationTaster,,,,,,,Y
484,dbnsfp_mutationtaster_converted_rankscore,dbNSFP,4.0a,number,0.81001,,N,,,,,,pathogenicity,variant,MutationTater converted rankscore,MutationTater converted rankscore,MutationTaster,,,,,,,Y
485,dbnsfp_mutationtaster_pred,dbNSFP,4.0a,string,D,,N,,,,,,pathogenicity,variant,MutationTater prediction,A: disease_causing_automatic; D:disease_causing; N:polymorphism; P:polymorphism_automatic,MutationTaster,,,,,,,Y
486,dbnsfp_mutationtaster_model,dbNSFP,4.0a,string,simple_aae,,N,,,,,,,,,,,,,,,,,Y
487,dbnsfp_mutationtaster_aae,dbNSFP,4.0a,string,E728V,,N,,,,,,,,,,,,,,,,,Y
488,dbnsfp_mutationassessor_score,dbNSFP,4.0a,number,2.385,,N,,,,,,pathogenicity,variant,MutationAssessor score,MutationAssessor score,MutationAssessor,,,,,,,Y
489,dbnsfp_mutationassessor_rankscore,dbNSFP,4.0a,number,0.68708,,N,,,,,,pathogenicity,variant,MutationAssessor rankscore,MutationAssessor rankscore,MutationAssessor,,,,,,,Y
490,dbnsfp_mutationassessor_pred,dbNSFP,4.0a,string,M,,N,,,,,,pathogenicity,variant,MutationAssessor prediction,H: high; M: medium; L: low; N: neutral. H/M means functional and L/N means non-functional,MutationAssessor,,,,,,,Y
491,dbnsfp_fathmm_score,dbNSFP,4.0a,number,3.56,,N,,,,,,pathogenicity,variant,FATHMM score,FATHMM score,FATHMM,,,,,,,Y
492,dbnsfp_fathmm_converted_rankscore,dbNSFP,4.0a,number,0.04696,,N,,,,,,pathogenicity,variant,FATHMM converted rankscore,FATHMM converted rankscore,FATHMM,,,,,,,Y
493,dbnsfp_fathmm_pred,dbNSFP,4.0a,string,T,,N,,,,,,pathogenicity,variant,FATHMM prediction,D: Deleterious; T: Tolerated,FATHMM,,,,,,,Y
494,dbnsfp_provean_score,dbNSFP,4.0a,number,-3.83,,N,,,,,,pathogenicity,variant,PROVEAN score,PROVEAN score,PROVEAN,,,,,,,Y
495,dbnsfp_provean_converted_rankscore,dbNSFP,4.0a,number,0.7212,,N,,,,,,pathogenicity,variant,PROVEAN converted rankscore,PROVEAN converted rankscore,PROVEAN,,,,,,,Y
496,dbnsfp_provean_pred,dbNSFP,4.0a,string,D,,N,,,,,,pathogenicity,variant,PROVEAN prediction,D: Deleterious; N: Neutral,PROVEAN,,,,,,,Y
497,dbnsfp_vest4_score,dbNSFP,4.0a,number,0.69;0.283,,N,,,,,,pathogenicity,variant,VEST3 score,VEST3 score,VEST3,,,,,,,Y
498,dbnsfp_vest4_rankscore,dbNSFP,4.0a,number,0.69562,,N,,,,,,pathogenicity,variant,VEST3 rankscore,VEST3 rankscore,VEST3,,,,,,,Y
499,dbnsfp_metasvm_score,dbNSFP,4.0a,number,-1.2032,,N,,,,,,pathogenicity,variant,MetaSVM score,MetaSVM score,MetaSVM,,,,,,,Y
500,dbnsfp_metasvm_rankscore,dbNSFP,4.0a,number,0.00127,,N,,,,,,pathogenicity,variant,MetaSVM rankscore,MetaSVM rankscore,MetaSVM,,,,,,,Y
501,dbnsfp_metasvm_pred,dbNSFP,4.0a,string,T,,N,,,,,,pathogenicity,variant,MetaSVM prediction,D: Deleterious; T: Tolerated,MetaSVM,,,,,,,Y
502,dbnsfp_metalr_score,dbNSFP,4.0a,number,0.0133,,N,,,,,,pathogenicity,variant,MetaLR score,MetaLR score,MetaLR,,,,,,,Y
503,dbnsfp_metalr_rankscore,dbNSFP,4.0a,number,0.05225,,N,,,,,,pathogenicity,variant,MetaLR rankscore,MetaLR rankscore,MetaLR,,,,,,,Y
504,dbnsfp_metalr_pred,dbNSFP,4.0a,string,T,,N,,,,,,pathogenicity,variant,MetaLR prediction,D: Deleterious; T: Tolerated,MetaLR,,,,,,,Y
505,dbnsfp_reliability_index,dbNSFP,4.0a,integer,10,,N,,,,,,,,,,,,,,,,,Y
506,dbnsfp_m_cap_score,dbNSFP,4.0a,number,,,N,,,,,,pathogenicity,variant,M-CAP score,M-CAP score,MCAP,,,,,,,Y
507,dbnsfp_m_cap_rankscore,dbNSFP,4.0a,number,,,N,,,,,,pathogenicity,variant,M-CAP rankscore,M-CAP rankscore,MCAP,,,,,,,Y
508,dbnsfp_m_cap_pred,dbNSFP,4.0a,string,,,N,,,,,,pathogenicity,variant,M-CAP prediction,D: Deleterious; T: Tolerated,MCAP,,,,,,,Y
509,dbnsfp_revel_score,dbNSFP,4.0a,number,0.233,,N,,,,,,,,,,,,,,,,,Y
510,dbnsfp_revel_rankscore,dbNSFP,4.0a,number,0.53914,,N,,,,,,,,,,,,,,,,,Y
511,dbnsfp_mutpred_score,dbNSFP,4.0a,number,,,N,,,,,,,,,,,,,,,,,Y
512,dbnsfp_mutpred_rankscore,dbNSFP,4.0a,number,,,N,,,,,,,,,,,,,,,,,Y
513,dbnsfp_mutpred_protid,dbNSFP,4.0a,string,,,N,,,,,,,,,,,,,,,,,Y
514,dbnsfp_mutpred_aachange,dbNSFP,4.0a,string,,,N,,,,,,,,,,,,,,,,,Y
515,dbnsfp_mutpred_top5features,dbNSFP,4.0a,string,,,N,,,,,,,,,,,,,,,,,Y
516,dbnsfp_mvp_score,dbNSFP,4.0a,number,,,N,,,,,,,,,,,,,,,,,Y
517,dbnsfp_mvp_rankscore,dbNSFP,4.0a,number,,,N,,,,,,,,,,,,,,,,,Y
518,dbnsfp_mpc_score,dbNSFP,4.0a,number,0.578932934068,,N,,,,,,,,,,,,,,,,,Y
519,dbnsfp_mpc_rankscore,dbNSFP,4.0a,number,0.53785,,N,,,,,,,,,,,,,,,,,Y
520,dbnsfp_primateai_score,dbNSFP,4.0a,number,0.50984478,,N,,,,,,,,,,,,,,,,,Y
521,dbnsfp_primateai_rankscore,dbNSFP,4.0a,number,0.40201,,N,,,,,,,,,,,,,,,,,Y
522,dbnsfp_primateai_pred,dbNSFP,4.0a,string,T,,N,,,,,,,,,,,,,,,,,Y
523,dbnsfp_deogen2_score,dbNSFP,4.0a,number,,,N,,,,,,,,,,,,,,,,,Y
524,dbnsfp_deogen2_rankscore,dbNSFP,4.0a,number,,,N,,,,,,,,,,,,,,,,,Y
525,dbnsfp_deogen2_pred,dbNSFP,4.0a,string,,,N,,,,,,,,,,,,,,,,,Y
526,dbnsfp_aloft_fraction_transcripts_affected,dbNSFP,4.0a,string,,,N,,,,,,,,,,,,,,,,,Y
527,dbnsfp_aloft_prob_tolerant,dbNSFP,4.0a,number,,,N,,,,,,,,,,,,,,,,,Y
528,dbnsfp_aloft_prob_recessive,dbNSFP,4.0a,number,,,N,,,,,,,,,,,,,,,,,Y
529,dbnsfp_aloft_prob_dominant,dbNSFP,4.0a,number,,,N,,,,,,,,,,,,,,,,,Y
530,dbnsfp_aloft_pred,dbNSFP,4.0a,string,,,N,,,,,,,,,,,,,,,,,Y
531,dbnsfp_aloft_confidence,dbNSFP,4.0a,string,,,N,,,,,,,,,,,,,,,,,Y
532,dbnsfp_cadd_raw,dbNSFP,4.0a,number,4.623022,,N,,,,,,pathogenicity,variant,CADD raw score,CADD raw score,CADD,,,,,,,Y
533,dbnsfp_cadd_raw_rankscore,dbNSFP,4.0a,number,0.92371,,N,,,,,,pathogenicity,variant,CADD raw rankscore,CADD raw rankscore,CADD,,,,,,,Y
534,dbnsfp_cadd_phred,dbNSFP,4.0a,number,32,,N,,,,,,pathogenicity,variant,CADD PHRED score,CADD PHRED score,CADD,,,,,,,Y
535,dbnsfp_dann_score,dbNSFP,4.0a,number,0.991547009,,N,,,,,,pathogenicity,variant,DANN score,DANN score,DANN,,,,,,,Y
536,dbnsfp_dann_rankscore,dbNSFP,4.0a,number,0.53931,,N,,,,,,pathogenicity,variant,DANN rankscore,DANN rankscore,DANN,,,,,,,Y
537,dbnsfp_fathmm_mkl_coding_score,dbNSFP,4.0a,number,0.99101,,N,,,,,,pathogenicity,variant,fathmm-MKL coding score,fathmm-MKL coding score,fathmm-MKL,,,,,,,Y
538,dbnsfp_fathmm_mkl_coding_rankscore,dbNSFP,4.0a,number,0.9124,,N,,,,,,pathogenicity,variant,fathmm-MKL coding rankscore,fathmm-MKL coding rankscore,fathmm-MKL,,,,,,,Y
539,dbnsfp_fathmm_mkl_coding_pred,dbNSFP,4.0a,string,D,,N,,,,,,pathogenicity,variant,fathmm-MKL coding prediction,D: Deleterious; N: Neutral,fathmm-MKL,,,,,,,Y
540,dbnsfp_fathmm_mkl_coding_group,dbNSFP,4.0a,string,AEFBI,,N,,,,,,,,,,,,,,,,,Y
541,dbnsfp_fathmm_xf_coding_score,dbNSFP,4.0a,number,0.799036,,N,,,,,,,,,,,,,,,,,Y
542,dbnsfp_fathmm_xf_coding_rankscore,dbNSFP,4.0a,number,0.72541,,N,,,,,,,,,,,,,,,,,Y
543,dbnsfp_fathmm_xf_coding_pred,dbNSFP,4.0a,string,D,,N,,,,,,,,,,,,,,,,,Y
544,dbnsfp_eigen_raw_coding,dbNSFP,4.0a,number,0.531040421,,N,,,,,,,,,,,,,,,,,Y
545,dbnsfp_eigen_raw_coding_rankscore,dbNSFP,4.0a,number,0.68935,,N,,,,,,,,,,,,,,,,,Y
546,dbnsfp_eigen_pred_coding,dbNSFP,4.0a,number,5.28621,,N,,,,,,,,,,,,,,,,,Y
547,dbnsfp_eigen_pc_raw_coding,dbNSFP,4.0a,number,0.422985083,,N,,,,,,,,,,,,,,,,,Y
548,dbnsfp_eigen_pc_raw_coding_rankscore,dbNSFP,4.0a,number,0.63001,,N,,,,,,,,,,,,,,,,,Y
549,dbnsfp_eigen_pc_phred_coding,dbNSFP,4.0a,number,4.525378,,N,,,,,,,,,,,,,,,,,Y
550,dbnsfp_genocanyon_score,dbNSFP,4.0a,number,0.999998244,,N,,,,,,pathogenicity,variant,GenoCanyon score,GenoCanyon score,GenoCanyon,,,,,,,Y
551,dbnsfp_genocanyon_rankscore,dbNSFP,4.0a,number,0.74766,,N,,,,,,pathogenicity,variant,GenoCanyon rankscore,GenoCanyon rankscore,GenoCanyon,,,,,,,Y
552,dbnsfp_integrated_fitcons_score,dbNSFP,4.0a,number,0.706548,,N,,,,,,pathogenicity,variant,Integrated fitCons score,Integrated fitCons score,Integrated_FitCons,,,,,,,Y
553,dbnsfp_integrated_fitcons_rankscore,dbNSFP,4.0a,number,0.73137,,N,,,,,,pathogenicity,variant,Integrated fitCons rankscore,Integrated fitCons rankscore,Integrated_FitCons,,,,,,,Y
554,dbnsfp_integrated_confidence_value,dbNSFP,4.0a,number,0,,N,,,,,,pathogenicity,variant,integrated confidence value,integrated confidence value,Integrated_FitCons,,,,,,,Y
555,dbnsfp_gm12878_fitcons_score,dbNSFP,4.0a,number,0.724815,,N,,,,,,,,,,,,,,,,,Y
556,dbnsfp_gm12878_fitcons_rankscore,dbNSFP,4.0a,number,0.89359,,N,,,,,,,,,,,,,,,,,Y
557,dbnsfp_gm12878_confidence_value,dbNSFP,4.0a,number,0,,N,,,,,,,,,,,,,,,,,Y
558,dbnsfp_h1_hesc_fitcons_score,dbNSFP,4.0a,number,0.723109,,N,,,,,,,,,,,,,,,,,Y
559,dbnsfp_h1_hesc_fitcons_rankscore,dbNSFP,4.0a,number,0.80598,,N,,,,,,,,,,,,,,,,,Y
560,dbnsfp_h1_hesc_confidence_value,dbNSFP,4.0a,number,0,,N,,,,,,,,,,,,,,,,,Y
561,dbnsfp_huvec_fitcons_score,dbNSFP,4.0a,number,0.714379,,N,,,,,,,,,,,,,,,,,Y
562,dbnsfp_huvec_fitcons_rankscore,dbNSFP,4.0a,number,0.83352,,N,,,,,,,,,,,,,,,,,Y
563,dbnsfp_huvec_confidence_value,dbNSFP,4.0a,number,0,,N,,,,,,,,,,,,,,,,,Y
564,dbnsfp_linsight,dbNSFP,4.0a,number,,,N,,,,,,,,,,,,,,,,,Y
565,dbnsfp_linsight_rankscore,dbNSFP,4.0a,number,,,N,,,,,,,,,,,,,,,,,Y
566,dbnsfp_gerp_nr,dbNSFP,4.0a,number,4.58,,N,,,,,,,,,,,,,,,,,Y
567,dbnsfp_gerp_rs,dbNSFP,4.0a,number,4.58,,N,,,,,,"pathogenicity, conservation",variant,GERP++ RS,GERP++ RS,GERP,,,,,,,Y
568,dbnsfp_gerp_rs_rankscore,dbNSFP,4.0a,number,0.56077,,N,,,,,,"pathogenicity, conservation",variant,GERP++ RS rankscore,GERP++ RS rankscore,GERP,,,,,,,Y
569,dbnsfp_phylop100way_vertebrate,dbNSFP,4.0a,number,5.452,,N,,,,,,"pathogenicity, conservation",variant,phyloP 100way vertebrate score,Conservation score by phyloP 100way vertebrate,phyloP,,,,,,,Y
570,dbnsfp_phylop100way_vertebrate_rankscore,dbNSFP,4.0a,number,0.6638,,N,,,,,,"pathogenicity, conservation",variant,phyloP 100way vertebrate rankscore,Conservation rankscore by phyloP 100way vertebrate,phyloP,,,,,,,Y
571,dbnsfp_phylop30way_mammalian,dbNSFP,4.0a,number,1.312,,N,,,,,,,,,,,,,,,,,Y
572,dbnsfp_phylop30way_mammalian_rankscore,dbNSFP,4.0a,number,0.94714,,N,,,,,,,,,,,,,,,,,Y
573,dbnsfp_phylop17way_primate,dbNSFP,4.0a,number,0.756,,N,,,,,,,,,,,,,,,,,Y
574,dbnsfp_phylop17way_primate_rankscore,dbNSFP,4.0a,number,0.94297,,N,,,,,,,,,,,,,,,,,Y
575,dbnsfp_phastcons100way_vertebrate,dbNSFP,4.0a,number,1,,N,,,,,,"pathogenicity, conservation",variant,phastCons 100way vertebrate score,phastCons 100way vertebrate score,phastCons,,,,,,,Y
576,dbnsfp_phastcons100way_vertebrate_rankscore,dbNSFP,4.0a,number,0.71638,,N,,,,,,"pathogenicity, conservation",variant,phastCons 100way vertebrate score,phastCons 100way vertebrate score,phastCons,,,,,,,Y
577,dbnsfp_phastcons30way_mammalian,dbNSFP,4.0a,number,0.932,,N,,,,,,,,,,,,,,,,,Y
578,dbnsfp_phastcons30way_mammalian_rankscore,dbNSFP,4.0a,number,0.39996,,N,,,,,,,,,,,,,,,,,Y
579,dbnsfp_phastcons17way_primate,dbNSFP,4.0a,number,0.891,,N,,,,,,,,,,,,,,,,,Y
580,dbnsfp_phastcons17way_primate_rankscore,dbNSFP,4.0a,number,0.42908,,N,,,,,,,,,,,,,,,,,Y
581,dbnsfp_siphy_29way_pi,dbNSFP,4.0a,number,1.0:0.0:0.0:0.0,,Y,,tilde,,,,,,,,,,,,,,,Y
582,dbnsfp_siphy_29way_logodds,dbNSFP,4.0a,number,13.9535,,N,,,,,,pathogenicity,variant,SiPhy 29way logOdds score,SiPhy 29way logOdds score,SiPhy,,,,,,,Y
583,dbnsfp_siphy_29way_logodds_rankscore,dbNSFP,4.0a,number,0.63643,,N,,,,,,pathogenicity,variant,SiPhy 29way logOdds rankscore,SiPhy 29way logOdds rankscore,SiPhy,,,,,,,Y
584,dbnsfp_bstatistic,dbNSFP,4.0a,number,940,,N,,,,,,,,,,,,,,,,,Y
585,dbnsfp_bstatistic_rankscore,dbNSFP,4.0a,number,0.86351,,N,,,,,,,,,,,,,,,,,Y
586,dbnsfp_clinvar_id,dbNSFP,4.0a,string,128294,,N,,,,,,,,,,,,,,,,,Y
587,dbnsfp_clinvar_clnsig,dbNSFP,4.0a,string,Benign,,N,,,,,,,,,,,,,,,,,Y
588,dbnsfp_clinvar_trait,dbNSFP,4.0a,string,"Myasthenic_syndrome,_congenital,_8|not_specified",,Y,,tilde,,,,,,,,,,,,,,,Y
589,dbnsfp_clinvar_review,dbNSFP,4.0a,string,"criteria_provided,_multiple_submitters,_no_conflicts",,N,,,,,,,,,,,,,,,,,Y
590,dbnsfp_clinvar_hgvs,dbNSFP,4.0a,string,NC_000001.11:g.1044368A>T,,N,,,,,,,,,,,,,,,,,Y
591,dbnsfp_clinvar_var_source,dbNSFP,4.0a,string,,,Y,,tilde,,,,,,,,,,,,,,,Y
592,dbnsfp_clinvar_medgen_id,dbNSFP,4.0a,string,C3808739|CN169374,,Y,,tilde,,,,,,,,,,,,,,,Y
593,dbnsfp_clinvar_omim_id,dbNSFP,4.0a,string,615120,,Y,,tilde,,,,,,,,,,,,,,,Y
594,dbnsfp_clinvar_orphanet_id,dbNSFP,4.0a,string,,,Y,,tilde,,,,,,,,,,,,,,,Y
595,dbnsfp_interpro_domain,dbNSFP,4.0a,string,Kazal domain|Kazal domain|Kazal domain,,Y,,tilde,,,,,gene,INTERPRO domain,INTERPRO domain,INTERPRO,,,,,,,Y
596,cadd_length,CADD,1.5,integer,0,,N,,,,,,,variant,CADD15.Length,Number of inserted/deleted bases,CADD,1.5,,,,,,N
597,cadd_annotype,CADD,1.5,string,CodingTranscript,,N,,,,,,,variant,CADD15.AnnoType,"CodingTranscript, Intergenic, MotifFeature, NonCodingTranscript,
RegulatoryFeature, Transcript",CADD,1.5,,,,,,N
598,cadd_consequence,CADD,1.5,string,NON_SYNONYMOUS,,N,,,,,,,variant,CADD15.Consequence,"VEP consequence, priority selected by potential impact (default:
UNKNOWN)",CADD,1.5,,,,,,N
599,cadd_consscore,CADD,1.5,integer,7,,N,,,,,,,variant,CADD15.ConsScore,Custom deleterious score assigned to Consequence,CADD,1.5,,,,,,N
600,cadd_consdetail,CADD,1.5,string,missense,,N,,,,,,,variant,CADD15.ConsDetail,Trimmed VEP consequence prior to simplification,CADD,1.5,,,,,,N
601,cadd_gc,CADD,1.5,number,0.662,,N,,,,,,,variant,CADD15.GC,Percent GC in a window of +/- 75bp (default: 0.42),CADD,1.5,,,,,,N
602,cadd_cpg,CADD,1.5,number,0.12,,N,,,,,,,variant,CADD15.CpG,Percent CpG in a window of +/- 75bp (default: 0.02),CADD,1.5,,,,,,N
603,cadd_motifecount,CADD,1.5,integer,,,N,,,,,,,variant,CADD15.motifECount,Total number of overlapping motifs (default: 0),CADD,1.5,,,,,,N
604,cadd_motifename,CADD,1.5,string,,,N,,,,,,,variant,CADD15.motifEName,Name of sequence motif the position overlaps,CADD,1.5,,,,,,N
605,cadd_motifehipos,CADD,1.5,boolean,,,N,,,,,,,variant,CADD15.motifEHIPos,"Is the position considered highly informative for an overlapping
motif by VEP (default: 0)",CADD,1.5,,,,,,N
606,cadd_motifescorechng,CADD,1.5,number,,,N,,,,,,,variant,CADD15.motifEScoreChng,VEP score change for the overlapping motif site (default: 0),CADD,1.5,,,,,,N
607,cadd_oaa,CADD,1.5,string,E,,N,,,,,,,variant,CADD15.oAA,Reference amino acid (default: unknown),CADD,1.5,,,,,,N
608,cadd_naa,CADD,1.5,string,V,,N,,,,,,,variant,CADD15.nAA,Amino acid of observed variant (default: unknown),CADD,1.5,,,,,,N
609,cadd_geneid,CADD,1.5,string,ENSG00000188157,,N,,,,,,,variant,CADD15.GeneID,ENSEMBL GeneID,CADD,1.5,,,,,,N
610,cadd_featureid,CADD,1.5,string,ENST00000379370,,N,,,,,,,variant,a,ENSEMBL feature ID (Transcript ID or regulatory feature ID),CADD,1.5,,,,,,N
611,cadd_genename,CADD,1.5,string,AGRN,,N,,,,,,,variant,CADD15.GeneName,GeneName provided in ENSEMBL annotation,CADD,1.5,,,,,,N
612,cadd_ccds,CADD,1.5,string,CCDS30551.1,,N,,,,,,,variant,CADD15.CCDS,Consensus Coding Sequence ID,CADD,1.5,,,,,,N
613,cadd_intron,CADD,1.5,string,,,N,,,,,,,variant,CADD15.Intron,Intron number/Total number of exons,CADD,1.5,,,,,,N
614,cadd_exon,CADD,1.5,string,12/36,,N,,,,,,,variant,CADD15.Exon,Exon number/Total number of exons,CADD,1.5,,,,,,N
615,cadd_cdnapos,CADD,1.5,number,2233,,N,,,,,,,variant,CADD15.cDNApos,Base position from transcription start (default: 0*),CADD,1.5,,,,,,N
616,cadd_relcdnapos,CADD,1.5,number,0.305,,N,,,,,,,variant,CADD15.relcDNApos,Relative position in transcript (default: 0),CADD,1.5,,,,,,N
617,cadd_cdspos,CADD,1.5,number,2183,,N,,,,,,,variant,CADD15.CDSpos,Base position from coding start (default: 0*),CADD,1.5,,,,,,N
618,cadd_relcdspos,CADD,1.5,number,0.356,,N,,,,,,,variant,CADD15.relCDSpos,Relative position in coding sequence (default: 0),CADD,1.5,,,,,,N
619,cadd_protpos,CADD,1.5,number,728,,N,,,,,,,variant,CADD15.protPos,Amino acid position from coding start (default: 0*),CADD,1.5,,,,,,N
620,cadd_relprotpos,CADD,1.5,number,0.356,,N,,,,,,,variant,CADD15.relProtPos,Relative position in protein codon (default: 0),CADD,1.5,,,,,,N
621,cadd_domain,CADD,1.5,string,ndomain,,N,,,,,,,variant,CADD15.Domain,"Domain annotation inferred from VEP annotation (ncoils, sigp,
lcompl, hmmpanther, ndomain = ""other named domain"") (default:
UD)",CADD,1.5,,,,,,N
622,cadd_dst2splice,CADD,1.5,number,NA,,N,,,,,,,variant,CADD15.Dst2Splice,"Distance to splice site in 20bp; positive: exonic, negative: intronic
(default: 0)",CADD,1.5,,,,,,N
623,cadd_dst2spltype,CADD,1.5,string,NA,,N,,,,,,,variant,CADD15.Dst2SplType,Closest splice site is ACCEPTOR or DONOR (default: unknown),CADD,1.5,,,,,,N
624,cadd_mindisttss,CADD,1.5,number,24245,,N,,,,,,,variant,CADD15.minDistTSS,Distance to closest Transcribed Sequence Start (TSS) (default: 5.5),CADD,1.5,,,,,,N
625,cadd_mindisttse,CADD,1.5,number,11749,,N,,,,,,,variant,CADD15.minDistTSE,Distance to closest Transcribed Sequence End (TSE) (default: 5.5),CADD,1.5,,,,,,N
626,cadd_siftcat,CADD,1.5,string,deleterious,,N,,,,,,,variant,CADD15.SIFTcat,SIFT category of change (default: UD),CADD,1.5,,,,,,N
627,cadd_siftval,CADD,1.5,number,0.01,,N,,,,,,,variant,CADD15.SIFTval,SIFT score (default: 0*),CADD,1.5,,,,,,N
628,cadd_polyphencat,CADD,1.5,number,probably_damaging,,N,,,,,,,variant,CADD15.PolyPhenCat,PolyPhen category of change (default: UD),CADD,1.5,,,,,,N
629,cadd_polyphenval,CADD,1.5,number,0.986,,N,,,,,,,variant,CADD15.PolyPhenVal,PolyPhen score (default: 0*),CADD,1.5,,,,,,N
630,cadd_priphcons,CADD,1.5,number,0.928,,N,,,,,,,variant,CADD15.priPhCons,Primate PhastCons conservation score (excl. human) (default: 0.0),CADD,1.5,,,,,,N
631,cadd_mamphcons,CADD,1.5,number,1,,N,,,,,,,variant,CADD15.mamPhCons,"Mammalian PhastCons conservation score (excl. human) (default:
0.0)",CADD,1.5,,,,,,N
632,cadd_verphcons,CADD,1.5,number,1,,N,,,,,,,variant,CADD15.verPhCons,"Vertebrate PhastCons conservation score (excl. human) (default:
0.0)",CADD,1.5,,,,,,N
633,cadd_priphylop,CADD,1.5,number,0.475,,N,,,,,,,variant,CADD15.priPhyloP,Primate PhyloP score (excl. human) (default: -0.029),CADD,1.5,,,,,,N
634,cadd_mamphylop,CADD,1.5,number,3.27,,N,,,,,,,variant,CADD15.mamPhyloP,Mammalian PhyloP score (excl. human) (default: -0.005),CADD,1.5,,,,,,N
635,cadd_verphylop,CADD,1.5,integer,4.955,,N,,,,,,,variant,CADD15.verPhyloP,Vertebrate PhyloP score (excl. human) (default: 0.042),CADD,1.5,,,,,,N
636,cadd_bstatistic,CADD,1.5,integer,940,,N,,,,,,,variant,CADD15.bStatistic,Background selection score (default: 800),CADD,1.5,,,,,,N
637,cadd_targetscan,CADD,1.5,number,,,N,,,,,,,variant,CADD15.targetScan,targetscan (default: 0*),CADD,1.5,,,,,,N
638,cadd_mirsvr-score,CADD,1.5,number,,,N,,,,,,,variant,CADD15.mirSVR-Score,mirSVR-Score (default: 0*),CADD,1.5,,,,,,N
639,cadd_mirsvr-e,CADD,1.5,number,,,N,,,,,,,variant,CADD15.mirSVR-E,mirSVR-E (default: 0),CADD,1.5,,,,,,N
640,cadd_mirsvr-aln,CADD,1.5,integer,,,N,,,,,,,variant,CADD15.mirSVR-Aln,mirSVR-Aln (default: 0),CADD,1.5,,,,,,N
641,cadd_chmm_e1,CADD,1.5,number,0,,N,,,,,,,variant,CADD15.cHmm_E1,"Number of 48 cell types in chromHMM state E1_poised (default:
1.92*)",CADD,1.5,,,,,,N
642,cadd_chmm_e2,CADD,1.5,number,1,,N,,,,,,,variant,CADD15.cHmm_E2,"Number of 48 cell types in chromHMM state E2_repressed
(default: 1.92)",CADD,1.5,,,,,,N
643,cadd_chmm_e3,CADD,1.5,number,0,,N,,,,,,,variant,CADD15.cHmm_E3,"Number of 48 cell types in chromHMM state E3_dead (default:
1.92)",CADD,1.5,,,,,,N
644,cadd_chmm_e4,CADD,1.5,number,3,,N,,,,,,,variant,CADD15.cHmm_E4,"Number of 48 cell types in chromHMM state E4_dead (default:
1.92)",CADD,1.5,,,,,,N
645,cadd_chmm_e5,CADD,1.5,number,0,,N,,,,,,,variant,CADD15.cHmm_E5,"Number of 48 cell types in chromHMM state E5_repressed
(default: 1.92)",CADD,1.5,,,,,,N
646,cadd_chmm_e6,CADD,1.5,number,4,,N,,,,,,,variant,CADD15.cHmm_E6,"Number of 48 cell types in chromHMM state E6_repressed
(default: 1.92)",CADD,1.5,,,,,,N
647,cadd_chmm_e7,CADD,1.5,number,9,,N,,,,,,,variant,CADD15.cHmm_E7,"Number of 48 cell types in chromHMM state E7_weak (default:
1.92)",CADD,1.5,,,,,,N
648,cadd_chmm_e8,CADD,1.5,number,13,,N,,,,,,,variant,CADD15.cHmm_E8,"Number of 48 cell types in chromHMM state E8_gene (default:
1.92)",CADD,1.5,,,,,,N
649,cadd_chmm_e9,CADD,1.5,number,2,,N,,,,,,,variant,CADD15.cHmm_E9,"Number of 48 cell types in chromHMM state E9_gene (default:
1.92)",CADD,1.5,,,,,,N
650,cadd_chmm_e10,CADD,1.5,number,0,,N,,,,,,,variant,CADD15.cHmm_E10,"Number of 48 cell types in chromHMM state E10_gene (default:
1.92)",CADD,1.5,,,,,,N
651,cadd_chmm_e11,CADD,1.5,number,0,,N,,,,,,,variant,CADD15.cHmm_E11,"Number of 48 cell types in chromHMM state E11_gene (default:
1.92)",CADD,1.5,,,,,,N
652,cadd_chmm_e12,CADD,1.5,number,0,,N,,,,,,,variant,CADD15.cHmm_E12,"Number of 48 cell types in chromHMM state E12_distal (default:
1.92)",CADD,1.5,,,,,,N
653,cadd_chmm_e13,CADD,1.5,number,0,,N,,,,,,,variant,CADD15.cHmm_E13,"Number of 48 cell types in chromHMM state E13_distal (default:
1.92)",CADD,1.5,,,,,,N
654,cadd_chmm_e14,CADD,1.5,number,0,,N,,,,,,,variant,CADD15.cHmm_E14,"Number of 48 cell types in chromHMM state E14_distal (default:
1.92)",CADD,1.5,,,,,,N
655,cadd_chmm_e15,CADD,1.5,number,10,,N,,,,,,,variant,CADD15.cHmm_E15,"Number of 48 cell types in chromHMM state E15_weak (default:
1.92)",CADD,1.5,,,,,,N
656,cadd_chmm_e16,CADD,1.5,number,0,,N,,,,,,,variant,CADD15.cHmm_E16,"Number of 48 cell types in chromHMM state E16_tss (default:
1.92)",CADD,1.5,,,,,,N
657,cadd_chmm_e17,CADD,1.5,number,0,,N,,,,,,,variant,CADD15.cHmm_E17,"Number of 48 cell types in chromHMM state E17_proximal
(default: 1.92)",CADD,1.5,,,,,,N
658,cadd_chmm_e18,CADD,1.5,number,0,,N,,,,,,,variant,CADD15.cHmm_E18,"Number of 48 cell types in chromHMM state E18_proximal
(default: 1.92)",CADD,1.5,,,,,,N
659,cadd_chmm_e19,CADD,1.5,number,0,,N,,,,,,,variant,CADD15.cHmm_E19,"Number of 48 cell types in chromHMM state E19_tss (default:
1.92)",CADD,1.5,,,,,,N
660,cadd_chmm_e20,CADD,1.5,number,0,,N,,,,,,,variant,CADD15.cHmm_E20,"Number of 48 cell types in chromHMM state E20_poised (default:
1.92)",CADD,1.5,,,,,,N
661,cadd_chmm_e21,CADD,1.5,number,3,,N,,,,,,,variant,CADD15.cHmm_E21,"Number of 48 cell types in chromHMM state E21_dead (default:
1.92)",CADD,1.5,,,,,,N
662,cadd_chmm_e22,CADD,1.5,number,0,,N,,,,,,,variant,CADD15.cHmm_E22,"Number of 48 cell types in chromHMM state E22_repressed
(default: 1.92)",CADD,1.5,,,,,,N
663,cadd_chmm_e23,CADD,1.5,number,3,,N,,,,,,,variant,CADD15.cHmm_E23,"Number of 48 cell types in chromHMM state E23_weak (default:
1.92)",CADD,1.5,,,,,,N
664,cadd_chmm_e24,CADD,1.5,number,0,,N,,,,,,,variant,CADD15.cHmm_E24,"Number of 48 cell types in chromHMM state E24_distal (default:
1.92)",CADD,1.5,,,,,,N
665,cadd_chmm_e25,CADD,1.5,number,0,,N,,,,,,,variant,CADD15.cHmm_E25,"Number of 48 cell types in chromHMM state E25_distal (default:
1.92)",CADD,1.5,,,,,,N
666,cadd_gerprs,CADD,1.5,number,87.4,,N,,,,,,,variant,CADD15.GerpRS,Gerp element score (default: 0),CADD,1.5,,,,,,N
667,cadd_gerprspval,CADD,1.5,number,2.38E-10,,N,,,,,,,variant,CADD15.GerpRSpval,Gerp element p-Value (default: 0),CADD,1.5,,,,,,N
668,cadd_gerpn,CADD,1.5,number,17.4,,N,,,,,,,variant,CADD15.GerpN,Neutral evolution score defined by GERP++ (default: 3.0),CADD,1.5,,,,,,N
669,cadd_gerps,CADD,1.5,number,17.4,,N,,,,,,,variant,CADD15.GerpS,Rejected Substitution score defined by GERP++ (default: -0.2),CADD,1.5,,,,,,N
670,cadd_toverlapmotifs,CADD,1.5,number,,,N,,,,,,,variant,CADD15.tOverlapMotifs,Number of overlapping predicted TF motifs,CADD,1.5,,,,,,N
671,cadd_motifdist,CADD,1.5,number,,,N,,,,,,,variant,CADD15.motifDist,"Reference minus alternate allele difference in nucleotide frequency
within an predicted overlapping motif (default: 0)",CADD,1.5,,,,,,N
672,cadd_encodeh3k4me1-sum,CADD,1.5,number,3.61,,N,,,,,,,variant,CADD15.EncodeH3K4me1-sum,Sum of Encode H3K4me1 levels (from 13 cell lines) (default: 0.76),CADD,1.5,,,,,,N
673,cadd_encodeh3k4me1-max,CADD,1.5,number,1.51,,N,,,,,,,variant,CADD15.EncodeH3K4me1-max,"Maximum Encode H3K4me1 level (from 13 cell lines) (default:
0.37)",CADD,1.5,,,,,,N
674,cadd_encodeh3k4me2-sum,CADD,1.5,number,4.22,,N,,,,,,,variant,CADD15.EncodeH3K4me2-sum,Sum of Encode H3K4me2 levels (from 14 cell lines) (default: 0.73),CADD,1.5,,,,,,N
675,cadd_encodeh3k4me2-max,CADD,1.5,number,1.53,,N,,,,,,,variant,CADD15.EncodeH3K4me2-max,"Maximum Encode H3K4me2 level (from 14 cell lines) (default:
0.37)",CADD,1.5,,,,,,N
676,cadd_encodeh3k4me3-sum,CADD,1.5,number,4.34,,N,,,,,,,variant,CADD15.EncodeH3K4me3-sum,Sum of Encode H3K4me3 levels (from 14 cell lines) (default: 0.81),CADD,1.5,,,,,,N
677,cadd_encodeh3k4me3-max,CADD,1.5,number,0.97,,N,,,,,,,variant,CADD15.EncodeH3K4me3-max,"Maximum Encode H3K4me3 level (from 14 cell lines) (default:
0.38)",CADD,1.5,,,,,,N
678,cadd_encodeh3k9ac-sum,CADD,1.5,number,9.68,,N,,,,,,,variant,CADD15.EncodeH3K9ac-sum,Sum of Encode H3K9ac levels (from 13 cell lines) (default: 0.82),CADD,1.5,,,,,,N
679,cadd_encodeh3k9ac-max,CADD,1.5,number,2.53,,N,,,,,,,variant,CADD15.EncodeH3K9ac-max,Maximum Encode H3K9ac level (from 13 cell lines) (default: 0.41),CADD,1.5,,,,,,N
680,cadd_encodeh3k9me3-sum,CADD,1.5,number,5.87,,N,,,,,,,variant,CADD15.EncodeH3K9me3-sum,Sum of Encode H3K9me3 levels (from 14 cell lines) (default: 0.81),CADD,1.5,,,,,,N
681,cadd_encodeh3k9me3-max,CADD,1.5,number,1.1,,N,,,,,,,variant,CADD15.EncodeH3K9me3-max,"Maximum Encode H3K9me3 level (from 14 cell lines) (default:
0.38)",CADD,1.5,,,,,,N
682,cadd_encodeh3k27ac-sum,CADD,1.5,number,2.88,,N,,,,,,,variant,CADD15.EncodeH3K27ac-sum,Sum of Encode H3K27ac levels (from 14 cell lines) (default: 0.74),CADD,1.5,,,,,,N
683,cadd_encodeh3k27ac-max,CADD,1.5,number,0.97,,N,,,,,,,variant,CADD15.EncodeH3K27ac-max,"Maximum Encode H3K27ac level (from 14 cell lines) (default:
0.36)",CADD,1.5,,,,,,N
684,cadd_encodeh3k27me3-sum,CADD,1.5,number,4.59,,N,,,,,,,variant,CADD15.EncodeH3K27me3-sum,"Sum of Encode H3K27me3 levels (from 14 cell lines) (default:
0.93)",CADD,1.5,,,,,,N
685,cadd_encodeh3k27me3-max,CADD,1.5,number,1.24,,N,,,,,,,variant,CADD15.EncodeH3K27me3-max,"Maximum Encode H3K27me3 level (from 14 cell lines) (default:
0.47)",CADD,1.5,,,,,,N
686,cadd_encodeh3k36me3-sum,CADD,1.5,number,23.35,,N,,,,,,,variant,CADD15.EncodeH3K36me3-sum,"Sum of Encode H3K36me3 levels (from 10 cell lines) (default:
0.71)",CADD,1.5,,,,,,N
687,cadd_encodeh3k36me3-max,CADD,1.5,number,6.47,,N,,,,,,,variant,CADD15.EncodeH3K36me3-max,"Maximum Encode H3K36me3 level (from 10 cell lines) (default:
0.39)",CADD,1.5,,,,,,N
688,cadd_encodeh3k79me2-sum,CADD,1.5,number,15.18,,N,,,,,,,variant,CADD15.EncodeH3K79me2-sum,"Sum of Encode H3K79me2 levels (from 13 cell lines) (default:
0.64)",CADD,1.5,,,,,,N
689,cadd_encodeh3k79me2-max,CADD,1.5,number,5.12,,N,,,,,,,variant,CADD15.EncodeH3K79me2-max,"Maximum Encode H3K79me2 level (from 13 cell lines) (default:
0.34)",CADD,1.5,,,,,,N
690,cadd_encodeh4k20me1-sum,CADD,1.5,number,20.91,,N,,,,,,,variant,CADD15.EncodeH4K20me1-sum,"Sum of Encode H4K20me1 levels (from 11 cell lines) (default:
0.88)",CADD,1.5,,,,,,N
691,cadd_encodeh4k20me1-max,CADD,1.5,number,4.67,,N,,,,,,,variant,CADD15.EncodeH4K20me1-max,"Maximum Encode H4K20me1 level (from 11 cell lines) (default:
0.47)",CADD,1.5,,,,,,N
692,cadd_encodeh2afz-sum,CADD,1.5,number,3.12,,N,,,,,,,variant,CADD15.EncodeH2AFZ-sum,Sum of Encode H2AFZ levels (from 13 cell lines) (default: 0.9),CADD,1.5,,,,,,N
693,cadd_encodeh2afz-max,CADD,1.5,number,2.24,,N,,,,,,,variant,CADD15.EncodeH2AFZ-max,Maximum Encode H2AFZ level (from 13 cell lines) (default: 0.42),CADD,1.5,,,,,,N
694,cadd_encodednase-sum,CADD,1.5,number,0.71,,N,,,,,,,variant,CADD15.EncodeDNase-sum,Sum of Encode DNase-seq levels (from 12 cell lines) (default: 0.0),CADD,1.5,,,,,,N
695,cadd_encodednase-max,CADD,1.5,number,0.16,,N,,,,,,,variant,CADD15.EncodeDNase-max,"Maximum Encode DNase-seq level (from 12 cell lines) (default:
0.0)",CADD,1.5,,,,,,N
696,cadd_encodetotalrna-sum,CADD,1.5,number,22.66,,N,,,,,,,variant,CADD15.EncodetotalRNA-sum,"Sum of Encode totalRNA-seq levels (from 10 cell lines always
minus and plus strand) (default: 0.0)",CADD,1.5,,,,,,N
697,cadd_encodetotalrna-max,CADD,1.5,number,13.43,,N,,,,,,,variant,CADD15.EncodetotalRNA-max,"Maximum Encode totalRNA-seq level (from 10 cell lines, minus
and plus strand separately) (default: 0.0)",CADD,1.5,,,,,,N
698,cadd_grantham,CADD,1.5,number,121,,N,,,,,,,variant,CADD15.Grantham,"Grantham score: oAA,nAA (default: 0*",CADD,1.5,,,,,,N
699,cadd_dist2mutation,CADD,1.5,number,11,,N,,,,,,,variant,CADD15.Dist2Mutation,"Distance between the closest BRAVO SNV up and downstream
(position itself excluded) (default: 0*)",CADD,1.5,,,,,,N
700,cadd_freq100bp,CADD,1.5,integer,0,,N,,,,,,,variant,CADD15.Freq100bp,"Number of frequent (MAF > 0.05) BRAVO SNV in 100 bp
window nearby (default: 0)",CADD,1.5,,,,,,N
701,cadd_rare100bp,CADD,1.5,integer,2,,N,,,,,,,variant,CADD15.Rare100bp,"Number of rare (MAF < 0.05) BRAVO SNV in 100 bp window
nearby (default: 0)",CADD,1.5,,,,,,N
702,cadd_sngl100bp,CADD,1.5,integer,15,,N,,,,,,,variant,CADD15.Sngl100bp,"Number of single occurrence BRAVO SNV in 100 bp window
nearby (default: 0)",CADD,1.5,,,,,,N
703,cadd_freq1000bp,CADD,1.5,integer,0,,N,,,,,,,variant,CADD15.Freq1000bp,"Number of frequent (MAF > 0.05) BRAVO SNV in 1000 bp
window nearby (default: 0)",CADD,1.5,,,,,,N
704,cadd_rare1000bp,CADD,1.5,integer,18,,N,,,,,,,variant,CADD15.Rare1000bp,"Number of rare (MAF < 0.05) BRAVO SNV in 1000 bp window
nearby (default: 0)",CADD,1.5,,,,,,N
705,cadd_sngl1000bp,CADD,1.5,integer,242,,N,,,,,,,variant,CADD15.Sngl1000bp,"Number of single occurrence BRAVO SNV in 1000 bp window
nearby (default: 0)",CADD,1.5,,,,,,N
706,cadd_freq10000bp,CADD,1.5,integer,20,,N,,,,,,,variant,CADD15.Freq10000bp,"Number of frequent (MAF > 0.05) BRAVO SNV in 10000 bp
window nearby (default: 0)",CADD,1.5,,,,,,N
707,cadd_rare10000bp,CADD,1.5,integer,117,,N,,,,,,,variant,CADD15.Rare10000bp,"Number of rare (MAF < 0.05) BRAVO SNV in 10000 bp window
nearby (default: 0)",CADD,1.5,,,,,,N
708,cadd_sngl10000bp,CADD,1.5,integer,2039,,N,,,,,,,variant,CADD15.Sngl10000bp,"Number of single occurrence BRAVO SNV in 10000 bp window
nearby (default: 0)",CADD,1.5,,,,,,N
709,cadd_ensembleregulatoryfeature,CADD,1.5,string,,,N,,,,,,,variant,CADD15.EnsembleRegulatoryFeature,"Matches in the Ensemble Regulatory Built (similar to annotype)
(default: NA)",CADD,1.5,,,,,,N
710,cadd_dbscsnv-ada_score,CADD,1.5,number,,,N,,,,,,,variant,CADD15.dbscSNV-ada_score,Adaboost classifier score from dbscSNV (default: 0*),CADD,1.5,,,,,,N
711,cadd_dbscsnv-rf_score,CADD,1.5,number,,,N,,,,,,,variant,CADD15.dbscSNV-rf_score,Random forest classifier score from dbscSNV (default: 0*),CADD,1.5,,,,,,N
712,cadd_remapoverlaptf,CADD,1.5,integer,15,,N,,,,,,,variant,CADD15.RemapOverlapTF,"Remap number of different transcription factors binding (default: -
0.5)",CADD,1.5,,,,,,N
713,cadd_remapoverlapcl,CADD,1.5,integer,17,,N,,,,,,,variant,CADD15.RemapOverlapCL,"Remap number of different transcription factor - cell line
combinations binding (default: -0.5)",CADD,1.5,,,,,,N
714,cadd_rawscore,CADD,1.5,number,4.56756,,N,,,,,,pathogenicity,variant,CADD raw score,Raw score from the model ,CADD,1.5,,,,,,Y
715,cadd_phred,CADD,1.5,number,29.1,,N,,,,,,pathogenicity,variant,CADD PHRED score,CADD PHRED Score,CADD,1.5,,,,,,Y
716,spliceai_symbol,SpliceAI,20191004,string,AGRN,,N,,,,,,,,,,,,,,,,,Y
717,spliceai_ds_ag,SpliceAI,20191004,number,0.01,,N,,,,,,,,,,,,,,,,,Y
718,spliceai_ds_al,SpliceAI,20191004,integer,0,,N,,,,,,,,,,,,,,,,,Y
719,spliceai_ds_dg,SpliceAI,20191004,number,0.01,,N,,,,,,,,,,,,,,,,,Y
720,spliceai_ds_dl,SpliceAI,20191004,number,0.01,,N,,,,,,,,,,,,,,,,,Y
721,spliceai_dp_ag,SpliceAI,20191004,integer,-5,,N,,,,,,,,,,,,,,,,,Y
722,spliceai_dp_al,SpliceAI,20191004,integer,2,,N,,,,,,,,,,,,,,,,,Y
723,spliceai_dp_dg,SpliceAI,20191004,integer,21,,N,,,,,,,,,,,,,,,,,Y
724,spliceai_dp_dl,SpliceAI,20191004,integer,2,,N,,,,,,,,,,,,,,,,,Y
725,intervar_intervar_automated,INTERVAR,20180118,string,Likelybenign,,N,,,,,,,,,,,,,,,,,Y
726,intervar_pvs1,INTERVAR,20180118,integer,0,,N,,,,,,,,,,,,,,,,,Y
727,intervar_ps1,INTERVAR,20180118,integer,0,,N,,,,,,,,,,,,,,,,,Y
728,intervar_ps2,INTERVAR,20180118,integer,0,,N,,,,,,,,,,,,,,,,,Y
729,intervar_ps3,INTERVAR,20180118,integer,0,,N,,,,,,,,,,,,,,,,,Y
730,intervar_ps4,INTERVAR,20180118,integer,0,,N,,,,,,,,,,,,,,,,,Y
731,intervar_pm1,INTERVAR,20180118,integer,1,,N,,,,,,,,,,,,,,,,,Y
732,intervar_pm2,INTERVAR,20180118,integer,0,,N,,,,,,,,,,,,,,,,,Y
733,intervar_pm3,INTERVAR,20180118,integer,0,,N,,,,,,,,,,,,,,,,,Y
734,intervar_pm4,INTERVAR,20180118,integer,0,,N,,,,,,,,,,,,,,,,,Y
735,intervar_pm5,INTERVAR,20180118,integer,0,,N,,,,,,,,,,,,,,,,,Y
736,intervar_pm6,INTERVAR,20180118,integer,0,,N,,,,,,,,,,,,,,,,,Y
737,intervar_pp1,INTERVAR,20180118,integer,0,,N,,,,,,,,,,,,,,,,,Y
738,intervar_pp2,INTERVAR,20180118,integer,0,,N,,,,,,,,,,,,,,,,,Y
739,intervar_pp3,INTERVAR,20180118,integer,0,,N,,,,,,,,,,,,,,,,,Y
740,intervar_pp4,INTERVAR,20180118,integer,0,,N,,,,,,,,,,,,,,,,,Y
741,intervar_pp5,INTERVAR,20180118,integer,0,,N,,,,,,,,,,,,,,,,,Y
742,intervar_ba1,INTERVAR,20180118,integer,0,,N,,,,,,,,,,,,,,,,,Y
743,intervar_bs1,INTERVAR,20180118,integer,1,,N,,,,,,,,,,,,,,,,,Y
744,intervar_bs2,INTERVAR,20180118,integer,0,,N,,,,,,,,,,,,,,,,,Y
745,intervar_bs3,INTERVAR,20180118,integer,0,,N,,,,,,,,,,,,,,,,,Y
746,intervar_bs4,INTERVAR,20180118,integer,0,,N,,,,,,,,,,,,,,,,,Y
747,intervar_bp1,INTERVAR,20180118,integer,0,,N,,,,,,,,,,,,,,,,,Y
748,intervar_bp2,INTERVAR,20180118,integer,0,,N,,,,,,,,,,,,,,,,,Y
749,intervar_bp3,INTERVAR,20180118,integer,0,,N,,,,,,,,,,,,,,,,,Y
750,intervar_bp4,INTERVAR,20180118,integer,0,,N,,,,,,,,,,,,,,,,,Y
751,intervar_bp5,INTERVAR,20180118,integer,0,,N,,,,,,,,,,,,,,,,,Y
752,intervar_bp6,INTERVAR,20180118,integer,1,,N,,,,,,,,,,,,,,,,,Y
753,intervar_bp7,INTERVAR,20180118,integer,0,,N,,,,,,,,,,,,,,,,,Y
754,clinvar_alleleid,CLINVAR,20190914,string,133743,,N,,,,,,,,,,,,,,,,,Y
755,clinvar_clndn,CLINVAR,20190914,string,"Neurodevelopmental_Disability|hypotonia|Intellectual_disability|Seizures|Muscular_hypotonia|Global_developmental_delay|Generalized_tonic-clonic_seizures|Developmental_regression|Focal_seizures_with_impairment_of_consciousness_or_awareness|Expressive_language_delay|Multifocal_epileptiform_discharges|EEG_with_generalized_epileptiform_discharges|Mental_retardation,_autosomal_dominant_42|not_provided",,Y,,tilde,,,,,variant,ClinVar disease name,ClinVar disease name,CLINVAR,,,,,,,Y
756,clinvar_clndnincl,CLINVAR,20190914,string,,,Y,,tilde,,,,,,,,,,,,,,,Y
757,clinvar_clndisdb,CLINVAR,20190914,string,"MedGen:C3808739,OMIM:615120|MedGen:CN169374",,Y,,tilde,,,,,,,,,,,,,,,Y
758,clinvar_clndisdbincl,CLINVAR,20190914,string,,,Y,,tilde,,,,,,,,,,,,,,,Y
759,clinvar_clnhgvs,CLINVAR,20190914,string,NC_000001.11:g.1044368A>T,,N,,,,,,,,,,,,,,,,,Y
760,clinvar_clnrevstat,CLINVAR,20190914,string,"criteria_provided,_multiple_submitters,_no_conflicts",,Y,,tilde,,,,,,,,,,,,,,,Y
761,clinvar_clnsig,CLINVAR,20190914,string,CLINVAR,,N,,,,,,,variant,ClinVar significance,ClinVar significance,CLINVAR,,6,,,1,,Y
762,clinvar_clnsigconf,CLINVAR,20190914,string,,,N,,,,,,,,,,,,,,,,,Y
763,clinvar_clnsigincl,CLINVAR,20190914,string,,,N,,,,,,,,,,,,,,,,,Y
764,clinvar_clnvc,CLINVAR,20190914,string,single_nucleotide_variant,,N,,,,,,,,,,,,,,,,,Y
765,clinvar_clnvcso,CLINVAR,20190914,string,SO:0001483,,N,,,,,,,,,,,,,,,,,Y
766,clinvar_clnvi,CLINVAR,20190914,string,OMIM_Allelic_Variant:139380.0005|UniProtKB_(protein):P62873#VAR_076650,,Y,,tilde,,,,,,,,,,,,,,,Y
767,clinvar_geneinfo,CLINVAR,20190914,string,AGRN:375790,,N,,,,,,,,,,,,,,,,,Y
768,clinvar_mc,CLINVAR,20190914,string,SO:0001583|missense_variant,,Y,,comma,,,,,,,,,,,,,,,Y
769,clinvar_origin,CLINVAR,20190914,string,1,,N,,,,,,,,,,,,,,,,,Y
770,clinvar_ssr,CLINVAR,20190914,string,,,N,,,,,,,,,,,,,,,,,Y
771,genomicsuperdups_otherchrom,GenomicSuperDups,19-Oct-2014,string,,,N,,,,,,repeated region,variant,GenomicSuperDups score,GenomicSuperDups score,GenomicSuperDups,,,,,,,Y
772,genomicsuperdups_otherstart,GenomicSuperDups,19-Oct-2014,integer,,,N,,,,,,,,,,,,,,,,,Y
773,genomicsuperdups_otherend,GenomicSuperDups,19-Oct-2014,integer,,,N,,,,,,,,,,,,,,,,,Y
774,genomicsuperdups_fracmatch,GenomicSuperDups,19-Oct-2014,number,,,N,,,,,,,,,,,,,,,,,Y
775,simplerepeat_name,UCSC,11-Mar-2019,string,,,N,,,,,,,,,,,,,,,,,Y
776,simplerepeat_sequence,simpleRepeat,11-Mar-2019,string,,,N,,,,,,,,,,,,,,,,,Y
777,simplerepeat_chrom,simpleRepeat,11-Mar-2019,string,,,N,,,,,,,,,,,,,,,,,Y
778,simplerepeat_chromstart,simpleRepeat,11-Mar-2019,integer,,,N,,,,,,,,,,,,,,,,,Y
779,simplerepeat_chromend,simpleRepeat,11-Mar-2019,integer,,,N,,,,,,,,,,,,,,,,,Y
780,simplerepeat_score,simpleRepeat,11-Mar-2019,number,,,N,,,,,,,,,,,,,,,,,Y
781,simplerepeat_entropy,simpleRepeat,11-Mar-2019,number,,,N,,,,,,,,,,,,,,,,,Y
782,rmsk_repname,rmsk,11-Mar-2019,string,,,N,,,,,,,,,,,,,,,,,Y
783,rmsk_repclass,rmsk,11-Mar-2019,string,,,N,,,,,,,,,,,,,,,,,Y
784,rmsk_repfamily,rmsk,11-Mar-2019,string,,,N,,,,,,,,,,,,,,,,,Y
785,rmsk_chromstart,rmsk,11-Mar-2019,integer,,,N,,,,,,,,,,,,,,,,,Y
786,rmsk_chromend,rmsk,11-Mar-2019,integer,,,N,,,,,,,,,,,,,,,,,Y
787,rmsk_strand,rmsk,11-Mar-2019,string,,,N,,,,,,,,,,,,,,,,,Y
788,nestedrepeats_name,nestedRepeats,06-Mar-2014,string,,,N,,,,,,,,,,,,,,,,,Y
789,nestedrepeats_chrom,nestedRepeats,06-Mar-2014,string,,,N,,,,,,,,,,,,,,,,,Y
790,nestedrepeats_chromstart,nestedRepeats,06-Mar-2014,integer,,,N,,,,,,,,,,,,,,,,,Y
791,nestedrepeats_chromend,nestedRepeats,06-Mar-2014,integer,,,N,,,,,,,,,,,,,,,,,Y
792,nestedrepeats_strand,nestedRepeats,06-Mar-2014,string,,,N,,,,,,,,,,,,,,,,,Y
793,nestedrepeats_score,nestedRepeats,06-Mar-2014,integer,,,N,,,,,,,,,,,,,,,,,Y
794,nestedrepeats_repclass,nestedRepeats,06-Mar-2014,string,,,N,,,,,,,,,,,,,,,,,Y
795,nestedrepeats_repfamily,nestedRepeats,06-Mar-2014,string,,,N,,,,,,,,,,,,,,,,,Y
796,microsat_name,microsat,23-Aug-2015,string,,,N,,,,,,,,,,,,,,,,,Y
797,microsat_chrom,microsat,23-Aug-2015,string,,,N,,,,,,,,,,,,,,,,,Y
798,microsat_chromstart,microsat,23-Aug-2015,integer,,,N,,,,,,,,,,,,,,,,,Y
799,microsat_chromend,microsat,23-Aug-2015,integer,,,N,,,,,,,,,,,,,,,,,Y
